#
# There is insufficient memory for the Java Runtime Environment to continue.
# Native memory allocation (malloc) failed to allocate 1398864 bytes. Error detail: Chunk::new
# Possible reasons:
#   The system is out of physical RAM or swap space
#   This process is running with CompressedOops enabled, and the Java Heap may be blocking the growth of the native heap
# Possible solutions:
#   Reduce memory load on the system
#   Increase physical memory or swap space
#   Check if swap backing store is full
#   Decrease Java heap size (-Xmx/-Xms)
#   Decrease number of Java threads
#   Decrease Java thread stack sizes (-Xss)
#   Set larger code cache with -XX:ReservedCodeCacheSize=
#   JVM is running with Unscaled Compressed Oops mode in which the Java heap is
#     placed in the first 4GB address space. The Java Heap base address is the
#     maximum limit for the native heap growth. Please use -XX:HeapBaseMinAddress
#     to set the Java Heap base and to place the Java Heap above 4GB virtual address.
# This output file may be truncated or incomplete.
#
#  Out of Memory Error (arena.cpp:168), pid=20628, tid=5684
#
# JRE version: OpenJDK Runtime Environment (21.0.10) (build 21.0.10+-14961533-b1163.108)
# Java VM: OpenJDK 64-Bit Server VM (21.0.10+-14961533-b1163.108, mixed mode, tiered, compressed oops, compressed class ptrs, g1 gc, windows-amd64)
# No core dump will be written. Minidumps are not enabled by default on client versions of Windows
#

---------------  S U M M A R Y ------------

Command Line: --add-opens=java.base/java.util=ALL-UNNAMED --add-opens=java.base/java.lang=ALL-UNNAMED --add-opens=java.base/java.lang.invoke=ALL-UNNAMED --add-opens=java.prefs/java.util.prefs=ALL-UNNAMED --add-opens=java.base/java.nio.charset=ALL-UNNAMED --add-opens=java.base/java.net=ALL-UNNAMED --add-opens=java.base/java.util.concurrent.atomic=ALL-UNNAMED -Xmx2048m -Dfile.encoding=UTF-8 -Duser.country=BR -Duser.language=pt -Duser.variant -javaagent:C:\Users\Eulelr\.gradle\wrapper\dists\gradle-8.7-bin\bhs2wmbdwecv87pi65oeuq5iu\gradle-8.7\lib\agents\gradle-instrumentation-agent-8.7.jar org.gradle.launcher.daemon.bootstrap.GradleDaemon 8.7

Host: 12th Gen Intel(R) Core(TM) i5-12450H, 12 cores, 7G,  Windows 11 , 64 bit Build 26100 (10.0.26100.8521)
Time: Mon Jul  6 16:57:52 2026 Hora Padrão de Buenos Aires elapsed time: 252.706778 seconds (0d 0h 4m 12s)

---------------  T H R E A D  ---------------

Current thread (0x0000024dd609aad0):  JavaThread "C2 CompilerThread0" daemon [_thread_in_native, id=5684, stack(0x0000008b41400000,0x0000008b41500000) (1024K)]


Current CompileTask:
C2:252707 15790   !   4       org.gradle.internal.instantiation.generator.DependencyInjectingInstantiator::doCreate (64 bytes)

Stack: [0x0000008b41400000,0x0000008b41500000]
Native frames: (J=compiled Java code, j=interpreted, Vv=VM code, C=native code)
V  [jvm.dll+0x6d78a9]
V  [jvm.dll+0x8665b3]
V  [jvm.dll+0x868bde]
V  [jvm.dll+0x8692c3]
V  [jvm.dll+0x280ee6]
V  [jvm.dll+0xc07cd]
V  [jvm.dll+0xc0d03]
V  [jvm.dll+0x3ba0cb]
V  [jvm.dll+0x1e0052]
V  [jvm.dll+0x249d24]
V  [jvm.dll+0x2491a1]
V  [jvm.dll+0x1c76e4]
V  [jvm.dll+0x25891e]
V  [jvm.dll+0x256e66]
V  [jvm.dll+0x3f513e]
V  [jvm.dll+0x80fd28]
V  [jvm.dll+0x6d60fd]
C  [ucrtbase.dll+0x2cd30]
C  [KERNEL32.DLL+0x2e957]
C  [ntdll.dll+0x87c1c]


---------------  P R O C E S S  ---------------

Threads class SMR info:
_java_thread_list=0x0000024de152cc20, length=179, elements={
0x0000024db7e12270, 0x0000024dd6060da0, 0x0000024dd606d1d0, 0x0000024dd6061fa0,
0x0000024dd608b340, 0x0000024dd60940d0, 0x0000024dd6094b30, 0x0000024dd6095d30,
0x0000024dd609aad0, 0x0000024dd609b6f0, 0x0000024dd63d3a10, 0x0000024dd850f070,
0x0000024dd84739f0, 0x0000024dd716b8a0, 0x0000024dd855a140, 0x0000024dd8760070,
0x0000024dd86ea3d0, 0x0000024dd86fb7f0, 0x0000024dd857ed30, 0x0000024dd857fa50,
0x0000024dd85800e0, 0x0000024dd8ab0fe0, 0x0000024dd8ab02c0, 0x0000024dd8aae1f0,
0x0000024dd8ab1670, 0x0000024dd8ab0950, 0x0000024dd8ab1d00, 0x0000024dd8aafc30,
0x0000024dd8aae880, 0x0000024dd8ab4af0, 0x0000024dd8ab3740, 0x0000024dd8ab30b0,
0x0000024dd8ab3dd0, 0x0000024dd8ab4460, 0x0000024dd8ab5180, 0x0000024dd8ab5810,
0x0000024dd8ab2390, 0x0000024dd8ab2a20, 0x0000024dd78c6670, 0x0000024dd78c52c0,
0x0000024dd78c5fe0, 0x0000024dd78c80b0, 0x0000024dd78c4c30, 0x0000024dd78c7a20,
0x0000024dd78ca180, 0x0000024dd78c8740, 0x0000024dd78c8dd0, 0x0000024dd78c6d00,
0x0000024dd78cc250, 0x0000024dd78ca810, 0x0000024dd78c9460, 0x0000024dd78caea0,
0x0000024dd78cb530, 0x0000024dd78cbbc0, 0x0000024dd8aaef10, 0x0000024dd6f9ad40,
0x0000024dd6f9e1c0, 0x0000024dd6f9ba60, 0x0000024dd6fa0290, 0x0000024dd6fa2360,
0x0000024dd6f9f570, 0x0000024dd6f9fc00, 0x0000024dd6fa0920, 0x0000024dd6fa0fb0,
0x0000024dd6fa1640, 0x0000024dd6fa1cd0, 0x0000024dda0d6f80, 0x0000024dda0d68f0,
0x0000024dda0d8330, 0x0000024dda0dbe40, 0x0000024dda0dd880, 0x0000024dda0dc4d0,
0x0000024dda0dcb60, 0x0000024dda0dd1f0, 0x0000024dd9f02010, 0x0000024dd9eff8b0,
0x0000024dd9f026a0, 0x0000024dd9f02d30, 0x0000024dd9f01980, 0x0000024dd9f005d0,
0x0000024dd9f033c0, 0x0000024dd9efff40, 0x0000024dd9f03a50, 0x0000024dd9f040e0,
0x0000024dd9f00c60, 0x0000024dd9f04770, 0x0000024dd9f012f0, 0x0000024dd9f04e00,
0x0000024dd9f05b20, 0x0000024dd9f05490, 0x0000024dd9f061b0, 0x0000024dd9f06840,
0x0000024dd9f06ed0, 0x0000024dda0d6260, 0x0000024dda0d9d70, 0x0000024dda0d89c0,
0x0000024dda0d7610, 0x0000024dda0da400, 0x0000024dda0db120, 0x0000024dda0db7b0,
0x0000024dda0d9050, 0x0000024ddafb8490, 0x0000024ddafb8b20, 0x0000024ddafb91b0,
0x0000024ddafb9ed0, 0x0000024ddafb7e00, 0x0000024ddafb9840, 0x0000024ddafb6a50,
0x0000024ddafb70e0, 0x0000024ddafb7770, 0x0000024dd857f3c0, 0x0000024dd9935340,
0x0000024dd9937410, 0x0000024dd9938e50, 0x0000024dd9936d80, 0x0000024dd99366f0,
0x0000024dd99394e0, 0x0000024dd993b5b0, 0x0000024dd9939b70, 0x0000024dd993a200,
0x0000024dd993af20, 0x0000024dd993a890, 0x0000024dd6f9db30, 0x0000024dda0d96e0,
0x0000024dd66fea70, 0x0000024dd66fc9a0, 0x0000024dd66fc310, 0x0000024dd66ffe20,
0x0000024dd66ff100, 0x0000024dd66ff790, 0x0000024dd66fd030, 0x0000024dd6700b40,
0x0000024dd66fdd50, 0x0000024dd67004b0, 0x0000024dd66fd6c0, 0x0000024dd67011d0,
0x0000024dd6701860, 0x0000024dd66fe3e0, 0x0000024dd6701ef0, 0x0000024dd6703930,
0x0000024dd6702580, 0x0000024dd67032a0, 0x0000024dd6702c10, 0x0000024dd99359d0,
0x0000024dd9936060, 0x0000024dd9933f90, 0x0000024dd9937aa0, 0x0000024dd9934620,
0x0000024dd99387c0, 0x0000024dd9938130, 0x0000024dda0daa90, 0x0000024dda8b7c80,
0x0000024dda8b6f60, 0x0000024dda8b75f0, 0x0000024ddb80c9b0, 0x0000024dda8ba3e0,
0x0000024dda8b89a0, 0x0000024dda8bcb40, 0x0000024dda8bd1d0, 0x0000024dda8b9d50,
0x0000024dda8bdef0, 0x0000024dda8bd860, 0x0000024dda8baa70, 0x0000024dda8be580,
0x0000024ddb809bc0, 0x0000024ddb80dd60, 0x0000024ddb80fe30, 0x0000024ddb80e3f0,
0x0000024ddb810b50, 0x0000024ddc74d2a0, 0x0000024ddc74dfc0, 0x0000024ddc74cc10,
0x0000024ddc74c580, 0x0000024ddc74e650, 0x0000024ddc74f370, 0x0000024ddc74bef0,
0x0000024ddc74ece0, 0x0000024ddc750090, 0x0000024ddc74d930
}

Java Threads: ( => current thread )
  0x0000024db7e12270 JavaThread "main"                              [_thread_blocked, id=21848, stack(0x0000008b40500000,0x0000008b40600000) (1024K)]
  0x0000024dd6060da0 JavaThread "Common-Cleaner"             daemon [_thread_blocked, id=5056, stack(0x0000008b40d00000,0x0000008b40e00000) (1024K)]
  0x0000024dd606d1d0 JavaThread "Reference Handler"          daemon [_thread_blocked, id=10012, stack(0x0000008b40e00000,0x0000008b40f00000) (1024K)]
  0x0000024dd6061fa0 JavaThread "Finalizer"                  daemon [_thread_blocked, id=24500, stack(0x0000008b40f00000,0x0000008b41000000) (1024K)]
  0x0000024dd608b340 JavaThread "Signal Dispatcher"          daemon [_thread_blocked, id=6304, stack(0x0000008b41000000,0x0000008b41100000) (1024K)]
  0x0000024dd60940d0 JavaThread "Attach Listener"            daemon [_thread_blocked, id=23616, stack(0x0000008b41100000,0x0000008b41200000) (1024K)]
  0x0000024dd6094b30 JavaThread "Service Thread"             daemon [_thread_blocked, id=228, stack(0x0000008b41200000,0x0000008b41300000) (1024K)]
  0x0000024dd6095d30 JavaThread "Monitor Deflation Thread"   daemon [_thread_blocked, id=25540, stack(0x0000008b41300000,0x0000008b41400000) (1024K)]
=>0x0000024dd609aad0 JavaThread "C2 CompilerThread0"         daemon [_thread_in_native, id=5684, stack(0x0000008b41400000,0x0000008b41500000) (1024K)]
  0x0000024dd609b6f0 JavaThread "C1 CompilerThread0"         daemon [_thread_blocked, id=20636, stack(0x0000008b41500000,0x0000008b41600000) (1024K)]
  0x0000024dd63d3a10 JavaThread "Notification Thread"        daemon [_thread_blocked, id=16264, stack(0x0000008b41600000,0x0000008b41700000) (1024K)]
  0x0000024dd850f070 JavaThread "Daemon health stats"               [_thread_blocked, id=23152, stack(0x0000008b41a00000,0x0000008b41b00000) (1024K)]
  0x0000024dd84739f0 JavaThread "Incoming local TCP Connector on port 54115"        [_thread_in_native, id=13860, stack(0x0000008b41c00000,0x0000008b41d00000) (1024K)]
  0x0000024dd716b8a0 JavaThread "Daemon periodic checks"            [_thread_blocked, id=19892, stack(0x0000008b41d00000,0x0000008b41e00000) (1024K)]
  0x0000024dd855a140 JavaThread "Daemon"                            [_thread_blocked, id=12620, stack(0x0000008b41e00000,0x0000008b41f00000) (1024K)]
  0x0000024dd8760070 JavaThread "Handler for socket connection from /127.0.0.1:54115 to /127.0.0.1:54116"        [_thread_in_native, id=25384, stack(0x0000008b41f00000,0x0000008b42000000) (1024K)]
  0x0000024dd86ea3d0 JavaThread "Cancel handler"                    [_thread_blocked, id=5696, stack(0x0000008b42000000,0x0000008b42100000) (1024K)]
  0x0000024dd86fb7f0 JavaThread "Daemon worker"                     [_thread_blocked, id=7068, stack(0x0000008b42100000,0x0000008b42200000) (1024K)]
  0x0000024dd857ed30 JavaThread "Asynchronous log dispatcher for DefaultDaemonConnection: socket connection from /127.0.0.1:54115 to /127.0.0.1:54116"        [_thread_blocked, id=14404, stack(0x0000008b42200000,0x0000008b42300000) (1024K)]
  0x0000024dd857fa50 JavaThread "Daemon client event forwarder"        [_thread_blocked, id=25204, stack(0x0000008b42400000,0x0000008b42500000) (1024K)]
  0x0000024dd85800e0 JavaThread "Cache worker for journal cache (C:\Users\Eulelr\.gradle\caches\journal-1)"        [_thread_blocked, id=15588, stack(0x0000008b42c00000,0x0000008b42d00000) (1024K)]
  0x0000024dd8ab0fe0 JavaThread "File lock request listener"        [_thread_in_native, id=11484, stack(0x0000008b42d00000,0x0000008b42e00000) (1024K)]
  0x0000024dd8ab02c0 JavaThread "Cache worker for file hash cache (C:\Users\Eulelr\.gradle\caches\8.7\fileHashes)"        [_thread_blocked, id=24240, stack(0x0000008b42e00000,0x0000008b42f00000) (1024K)]
  0x0000024dd8aae1f0 JavaThread "File lock release action executor"        [_thread_blocked, id=7020, stack(0x0000008b42f00000,0x0000008b43000000) (1024K)]
  0x0000024dd8ab1670 JavaThread "Cache worker for file hash cache (C:\Users\Eulelr\Documents\GitHub\isa-rotina-estudos-ANDROID\.gradle\8.7\fileHashes)"        [_thread_blocked, id=21992, stack(0x0000008b43100000,0x0000008b43200000) (1024K)]
  0x0000024dd8ab0950 JavaThread "File watcher server"        daemon [_thread_in_native, id=5988, stack(0x0000008b43000000,0x0000008b43100000) (1024K)]
  0x0000024dd8ab1d00 JavaThread "File watcher consumer"      daemon [_thread_blocked, id=18040, stack(0x0000008b43200000,0x0000008b43300000) (1024K)]
  0x0000024dd8aafc30 JavaThread "jar transforms"                    [_thread_blocked, id=25024, stack(0x0000008b43300000,0x0000008b43400000) (1024K)]
  0x0000024dd8aae880 JavaThread "jar transforms Thread 2"           [_thread_blocked, id=25096, stack(0x0000008b43400000,0x0000008b43500000) (1024K)]
  0x0000024dd8ab4af0 JavaThread "jar transforms Thread 3"           [_thread_blocked, id=24696, stack(0x0000008b43500000,0x0000008b43600000) (1024K)]
  0x0000024dd8ab3740 JavaThread "jar transforms Thread 4"           [_thread_blocked, id=12424, stack(0x0000008b43600000,0x0000008b43700000) (1024K)]
  0x0000024dd8ab30b0 JavaThread "jar transforms Thread 5"           [_thread_blocked, id=20648, stack(0x0000008b43700000,0x0000008b43800000) (1024K)]
  0x0000024dd8ab3dd0 JavaThread "jar transforms Thread 6"           [_thread_blocked, id=24308, stack(0x0000008b43800000,0x0000008b43900000) (1024K)]
  0x0000024dd8ab4460 JavaThread "jar transforms Thread 7"           [_thread_blocked, id=15700, stack(0x0000008b43900000,0x0000008b43a00000) (1024K)]
  0x0000024dd8ab5180 JavaThread "jar transforms Thread 8"           [_thread_blocked, id=20796, stack(0x0000008b43a00000,0x0000008b43b00000) (1024K)]
  0x0000024dd8ab5810 JavaThread "jar transforms Thread 9"           [_thread_blocked, id=21724, stack(0x0000008b43b00000,0x0000008b43c00000) (1024K)]
  0x0000024dd8ab2390 JavaThread "jar transforms Thread 10"          [_thread_blocked, id=22648, stack(0x0000008b43c00000,0x0000008b43d00000) (1024K)]
  0x0000024dd8ab2a20 JavaThread "jar transforms Thread 11"          [_thread_blocked, id=2364, stack(0x0000008b43d00000,0x0000008b43e00000) (1024K)]
  0x0000024dd78c6670 JavaThread "jar transforms Thread 12"          [_thread_blocked, id=17320, stack(0x0000008b43e00000,0x0000008b43f00000) (1024K)]
  0x0000024dd78c52c0 JavaThread "Cache worker for checksums cache (C:\Users\Eulelr\Documents\GitHub\isa-rotina-estudos-ANDROID\.gradle\8.7\checksums)"        [_thread_blocked, id=14488, stack(0x0000008b43f00000,0x0000008b44000000) (1024K)]
  0x0000024dd78c5fe0 JavaThread "Cache worker for cache directory md-supplier (C:\Users\Eulelr\.gradle\caches\8.7\md-supplier)"        [_thread_blocked, id=23792, stack(0x0000008b44000000,0x0000008b44100000) (1024K)]
  0x0000024dd78c80b0 JavaThread "Cache worker for cache directory md-rule (C:\Users\Eulelr\.gradle\caches\8.7\md-rule)"        [_thread_blocked, id=15352, stack(0x0000008b44100000,0x0000008b44200000) (1024K)]
  0x0000024dd78c4c30 JavaThread "Cache worker for file content cache (C:\Users\Eulelr\.gradle\caches\8.7\fileContent)"        [_thread_blocked, id=8044, stack(0x0000008b44200000,0x0000008b44300000) (1024K)]
  0x0000024dd78c7a20 JavaThread "Unconstrained build operations"        [_thread_blocked, id=7752, stack(0x0000008b44300000,0x0000008b44400000) (1024K)]
  0x0000024dd78ca180 JavaThread "Unconstrained build operations Thread 2"        [_thread_blocked, id=11824, stack(0x0000008b44400000,0x0000008b44500000) (1024K)]
  0x0000024dd78c8740 JavaThread "Unconstrained build operations Thread 3"        [_thread_blocked, id=21712, stack(0x0000008b44600000,0x0000008b44700000) (1024K)]
  0x0000024dd78c8dd0 JavaThread "Unconstrained build operations Thread 4"        [_thread_blocked, id=24824, stack(0x0000008b44700000,0x0000008b44800000) (1024K)]
  0x0000024dd78c6d00 JavaThread "Unconstrained build operations Thread 5"        [_thread_blocked, id=12580, stack(0x0000008b44800000,0x0000008b44900000) (1024K)]
  0x0000024dd78cc250 JavaThread "Unconstrained build operations Thread 6"        [_thread_blocked, id=19032, stack(0x0000008b44900000,0x0000008b44a00000) (1024K)]
  0x0000024dd78ca810 JavaThread "Unconstrained build operations Thread 7"        [_thread_blocked, id=10064, stack(0x0000008b44a00000,0x0000008b44b00000) (1024K)]
  0x0000024dd78c9460 JavaThread "Unconstrained build operations Thread 8"        [_thread_blocked, id=22252, stack(0x0000008b44b00000,0x0000008b44c00000) (1024K)]
  0x0000024dd78caea0 JavaThread "Unconstrained build operations Thread 9"        [_thread_blocked, id=22268, stack(0x0000008b44c00000,0x0000008b44d00000) (1024K)]
  0x0000024dd78cb530 JavaThread "Unconstrained build operations Thread 10"        [_thread_blocked, id=22472, stack(0x0000008b44d00000,0x0000008b44e00000) (1024K)]
  0x0000024dd78cbbc0 JavaThread "Unconstrained build operations Thread 11"        [_thread_blocked, id=6676, stack(0x0000008b44e00000,0x0000008b44f00000) (1024K)]
  0x0000024dd8aaef10 JavaThread "Unconstrained build operations Thread 12"        [_thread_blocked, id=13444, stack(0x0000008b44f00000,0x0000008b45000000) (1024K)]
  0x0000024dd6f9ad40 JavaThread "Unconstrained build operations Thread 13"        [_thread_blocked, id=18972, stack(0x0000008b45000000,0x0000008b45100000) (1024K)]
  0x0000024dd6f9e1c0 JavaThread "Cache worker for Build Output Cleanup Cache (C:\Users\Eulelr\Documents\GitHub\isa-rotina-estudos-ANDROID\.gradle\buildOutputCleanup)"        [_thread_blocked, id=18764, stack(0x0000008b45100000,0x0000008b45200000) (1024K)]
  0x0000024dd6f9ba60 JavaThread "Unconstrained build operations Thread 14"        [_thread_blocked, id=22692, stack(0x0000008b44500000,0x0000008b44600000) (1024K)]
  0x0000024dd6fa0290 JavaThread "Unconstrained build operations Thread 15"        [_thread_blocked, id=5964, stack(0x0000008b45300000,0x0000008b45400000) (1024K)]
  0x0000024dd6fa2360 JavaThread "Unconstrained build operations Thread 16"        [_thread_blocked, id=25516, stack(0x0000008b45400000,0x0000008b45500000) (1024K)]
  0x0000024dd6f9f570 JavaThread "Unconstrained build operations Thread 17"        [_thread_blocked, id=14696, stack(0x0000008b45500000,0x0000008b45600000) (1024K)]
  0x0000024dd6f9fc00 JavaThread "Unconstrained build operations Thread 18"        [_thread_blocked, id=21076, stack(0x0000008b45600000,0x0000008b45700000) (1024K)]
  0x0000024dd6fa0920 JavaThread "Unconstrained build operations Thread 19"        [_thread_blocked, id=5240, stack(0x0000008b45700000,0x0000008b45800000) (1024K)]
  0x0000024dd6fa0fb0 JavaThread "Unconstrained build operations Thread 20"        [_thread_blocked, id=18836, stack(0x0000008b45800000,0x0000008b45900000) (1024K)]
  0x0000024dd6fa1640 JavaThread "Unconstrained build operations Thread 21"        [_thread_blocked, id=21824, stack(0x0000008b45900000,0x0000008b45a00000) (1024K)]
  0x0000024dd6fa1cd0 JavaThread "Unconstrained build operations Thread 22"        [_thread_blocked, id=16332, stack(0x0000008b45a00000,0x0000008b45b00000) (1024K)]
  0x0000024dda0d6f80 JavaThread "Unconstrained build operations Thread 23"        [_thread_blocked, id=18256, stack(0x0000008b45b00000,0x0000008b45c00000) (1024K)]
  0x0000024dda0d68f0 JavaThread "Unconstrained build operations Thread 24"        [_thread_blocked, id=6660, stack(0x0000008b45c00000,0x0000008b45d00000) (1024K)]
  0x0000024dda0d8330 JavaThread "Unconstrained build operations Thread 25"        [_thread_blocked, id=22120, stack(0x0000008b45d00000,0x0000008b45e00000) (1024K)]
  0x0000024dda0dbe40 JavaThread "Unconstrained build operations Thread 26"        [_thread_blocked, id=15460, stack(0x0000008b45e00000,0x0000008b45f00000) (1024K)]
  0x0000024dda0dd880 JavaThread "Unconstrained build operations Thread 27"        [_thread_blocked, id=10356, stack(0x0000008b45f00000,0x0000008b46000000) (1024K)]
  0x0000024dda0dc4d0 JavaThread "Unconstrained build operations Thread 28"        [_thread_blocked, id=25216, stack(0x0000008b46000000,0x0000008b46100000) (1024K)]
  0x0000024dda0dcb60 JavaThread "Unconstrained build operations Thread 29"        [_thread_blocked, id=5984, stack(0x0000008b46100000,0x0000008b46200000) (1024K)]
  0x0000024dda0dd1f0 JavaThread "Unconstrained build operations Thread 30"        [_thread_blocked, id=5096, stack(0x0000008b46200000,0x0000008b46300000) (1024K)]
  0x0000024dd9f02010 JavaThread "Unconstrained build operations Thread 31"        [_thread_blocked, id=14152, stack(0x0000008b46300000,0x0000008b46400000) (1024K)]
  0x0000024dd9eff8b0 JavaThread "Unconstrained build operations Thread 32"        [_thread_blocked, id=19132, stack(0x0000008b46400000,0x0000008b46500000) (1024K)]
  0x0000024dd9f026a0 JavaThread "Unconstrained build operations Thread 33"        [_thread_blocked, id=18012, stack(0x0000008b46500000,0x0000008b46600000) (1024K)]
  0x0000024dd9f02d30 JavaThread "Unconstrained build operations Thread 34"        [_thread_blocked, id=24996, stack(0x0000008b46600000,0x0000008b46700000) (1024K)]
  0x0000024dd9f01980 JavaThread "Unconstrained build operations Thread 35"        [_thread_blocked, id=9980, stack(0x0000008b46700000,0x0000008b46800000) (1024K)]
  0x0000024dd9f005d0 JavaThread "Unconstrained build operations Thread 36"        [_thread_blocked, id=22712, stack(0x0000008b46800000,0x0000008b46900000) (1024K)]
  0x0000024dd9f033c0 JavaThread "Unconstrained build operations Thread 37"        [_thread_blocked, id=3616, stack(0x0000008b46900000,0x0000008b46a00000) (1024K)]
  0x0000024dd9efff40 JavaThread "Unconstrained build operations Thread 38"        [_thread_blocked, id=25080, stack(0x0000008b46a00000,0x0000008b46b00000) (1024K)]
  0x0000024dd9f03a50 JavaThread "Unconstrained build operations Thread 39"        [_thread_blocked, id=19644, stack(0x0000008b46b00000,0x0000008b46c00000) (1024K)]
  0x0000024dd9f040e0 JavaThread "Unconstrained build operations Thread 40"        [_thread_blocked, id=11444, stack(0x0000008b46c00000,0x0000008b46d00000) (1024K)]
  0x0000024dd9f00c60 JavaThread "Unconstrained build operations Thread 41"        [_thread_blocked, id=1328, stack(0x0000008b46f00000,0x0000008b47000000) (1024K)]
  0x0000024dd9f04770 JavaThread "Unconstrained build operations Thread 42"        [_thread_blocked, id=5000, stack(0x0000008b47000000,0x0000008b47100000) (1024K)]
  0x0000024dd9f012f0 JavaThread "Unconstrained build operations Thread 43"        [_thread_blocked, id=12536, stack(0x0000008b47100000,0x0000008b47200000) (1024K)]
  0x0000024dd9f04e00 JavaThread "Unconstrained build operations Thread 44"        [_thread_blocked, id=24844, stack(0x0000008b47200000,0x0000008b47300000) (1024K)]
  0x0000024dd9f05b20 JavaThread "Unconstrained build operations Thread 45"        [_thread_blocked, id=2960, stack(0x0000008b47300000,0x0000008b47400000) (1024K)]
  0x0000024dd9f05490 JavaThread "Unconstrained build operations Thread 46"        [_thread_blocked, id=3064, stack(0x0000008b47400000,0x0000008b47500000) (1024K)]
  0x0000024dd9f061b0 JavaThread "Unconstrained build operations Thread 47"        [_thread_blocked, id=23944, stack(0x0000008b47500000,0x0000008b47600000) (1024K)]
  0x0000024dd9f06840 JavaThread "Unconstrained build operations Thread 48"        [_thread_blocked, id=11560, stack(0x0000008b47600000,0x0000008b47700000) (1024K)]
  0x0000024dd9f06ed0 JavaThread "Unconstrained build operations Thread 49"        [_thread_blocked, id=10068, stack(0x0000008b47700000,0x0000008b47800000) (1024K)]
  0x0000024dda0d6260 JavaThread "Unconstrained build operations Thread 50"        [_thread_blocked, id=21616, stack(0x0000008b47800000,0x0000008b47900000) (1024K)]
  0x0000024dda0d9d70 JavaThread "Unconstrained build operations Thread 51"        [_thread_blocked, id=13904, stack(0x0000008b47900000,0x0000008b47a00000) (1024K)]
  0x0000024dda0d89c0 JavaThread "Unconstrained build operations Thread 52"        [_thread_blocked, id=12188, stack(0x0000008b47a00000,0x0000008b47b00000) (1024K)]
  0x0000024dda0d7610 JavaThread "Unconstrained build operations Thread 53"        [_thread_blocked, id=4620, stack(0x0000008b47b00000,0x0000008b47c00000) (1024K)]
  0x0000024dda0da400 JavaThread "Unconstrained build operations Thread 54"        [_thread_blocked, id=16080, stack(0x0000008b47c00000,0x0000008b47d00000) (1024K)]
  0x0000024dda0db120 JavaThread "Unconstrained build operations Thread 55"        [_thread_blocked, id=5860, stack(0x0000008b47d00000,0x0000008b47e00000) (1024K)]
  0x0000024dda0db7b0 JavaThread "Unconstrained build operations Thread 56"        [_thread_blocked, id=21508, stack(0x0000008b40200000,0x0000008b40300000) (1024K)]
  0x0000024dda0d9050 JavaThread "Unconstrained build operations Thread 57"        [_thread_blocked, id=2344, stack(0x0000008b40300000,0x0000008b40400000) (1024K)]
  0x0000024ddafb8490 JavaThread "Unconstrained build operations Thread 58"        [_thread_blocked, id=18976, stack(0x0000008b40400000,0x0000008b40500000) (1024K)]
  0x0000024ddafb8b20 JavaThread "Unconstrained build operations Thread 59"        [_thread_blocked, id=20520, stack(0x0000008b47e00000,0x0000008b47f00000) (1024K)]
  0x0000024ddafb91b0 JavaThread "Unconstrained build operations Thread 60"        [_thread_blocked, id=23580, stack(0x0000008b47f00000,0x0000008b48000000) (1024K)]
  0x0000024ddafb9ed0 JavaThread "Unconstrained build operations Thread 61"        [_thread_blocked, id=25328, stack(0x0000008b42300000,0x0000008b42400000) (1024K)]
  0x0000024ddafb7e00 JavaThread "Unconstrained build operations Thread 62"        [_thread_blocked, id=3100, stack(0x0000008b48000000,0x0000008b48100000) (1024K)]
  0x0000024ddafb9840 JavaThread "Unconstrained build operations Thread 63"        [_thread_blocked, id=8480, stack(0x0000008b48100000,0x0000008b48200000) (1024K)]
  0x0000024ddafb6a50 JavaThread "Unconstrained build operations Thread 64"        [_thread_blocked, id=1860, stack(0x0000008b48200000,0x0000008b48300000) (1024K)]
  0x0000024ddafb70e0 JavaThread "Unconstrained build operations Thread 65"        [_thread_blocked, id=13732, stack(0x0000008b48300000,0x0000008b48400000) (1024K)]
  0x0000024ddafb7770 JavaThread "Unconstrained build operations Thread 66"        [_thread_blocked, id=14736, stack(0x0000008b48400000,0x0000008b48500000) (1024K)]
  0x0000024dd857f3c0 JavaThread "Unconstrained build operations Thread 67"        [_thread_blocked, id=23380, stack(0x0000008b48500000,0x0000008b48600000) (1024K)]
  0x0000024dd9935340 JavaThread "Unconstrained build operations Thread 68"        [_thread_blocked, id=23384, stack(0x0000008b48600000,0x0000008b48700000) (1024K)]
  0x0000024dd9937410 JavaThread "Unconstrained build operations Thread 69"        [_thread_blocked, id=23700, stack(0x0000008b48700000,0x0000008b48800000) (1024K)]
  0x0000024dd9938e50 JavaThread "Unconstrained build operations Thread 70"        [_thread_blocked, id=18076, stack(0x0000008b48800000,0x0000008b48900000) (1024K)]
  0x0000024dd9936d80 JavaThread "Unconstrained build operations Thread 71"        [_thread_blocked, id=18944, stack(0x0000008b48900000,0x0000008b48a00000) (1024K)]
  0x0000024dd99366f0 JavaThread "Unconstrained build operations Thread 72"        [_thread_blocked, id=19936, stack(0x0000008b48a00000,0x0000008b48b00000) (1024K)]
  0x0000024dd99394e0 JavaThread "Unconstrained build operations Thread 73"        [_thread_blocked, id=25092, stack(0x0000008b48b00000,0x0000008b48c00000) (1024K)]
  0x0000024dd993b5b0 JavaThread "Unconstrained build operations Thread 74"        [_thread_blocked, id=19384, stack(0x0000008b48c00000,0x0000008b48d00000) (1024K)]
  0x0000024dd9939b70 JavaThread "Unconstrained build operations Thread 75"        [_thread_blocked, id=23388, stack(0x0000008b48d00000,0x0000008b48e00000) (1024K)]
  0x0000024dd993a200 JavaThread "Unconstrained build operations Thread 76"        [_thread_blocked, id=904, stack(0x0000008b48e00000,0x0000008b48f00000) (1024K)]
  0x0000024dd993af20 JavaThread "Unconstrained build operations Thread 77"        [_thread_blocked, id=4876, stack(0x0000008b48f00000,0x0000008b49000000) (1024K)]
  0x0000024dd993a890 JavaThread "Unconstrained build operations Thread 78"        [_thread_blocked, id=15180, stack(0x0000008b49000000,0x0000008b49100000) (1024K)]
  0x0000024dd6f9db30 JavaThread "Unconstrained build operations Thread 79"        [_thread_blocked, id=7784, stack(0x0000008b49100000,0x0000008b49200000) (1024K)]
  0x0000024dda0d96e0 JavaThread "Unconstrained build operations Thread 80"        [_thread_blocked, id=24420, stack(0x0000008b49200000,0x0000008b49300000) (1024K)]
  0x0000024dd66fea70 JavaThread "Unconstrained build operations Thread 81"        [_thread_blocked, id=15892, stack(0x0000008b49300000,0x0000008b49400000) (1024K)]
  0x0000024dd66fc9a0 JavaThread "Unconstrained build operations Thread 82"        [_thread_blocked, id=25424, stack(0x0000008b49400000,0x0000008b49500000) (1024K)]
  0x0000024dd66fc310 JavaThread "Unconstrained build operations Thread 83"        [_thread_blocked, id=9048, stack(0x0000008b49500000,0x0000008b49600000) (1024K)]
  0x0000024dd66ffe20 JavaThread "Unconstrained build operations Thread 84"        [_thread_blocked, id=6384, stack(0x0000008b49600000,0x0000008b49700000) (1024K)]
  0x0000024dd66ff100 JavaThread "Unconstrained build operations Thread 85"        [_thread_blocked, id=24796, stack(0x0000008b49700000,0x0000008b49800000) (1024K)]
  0x0000024dd66ff790 JavaThread "Unconstrained build operations Thread 86"        [_thread_blocked, id=22320, stack(0x0000008b49800000,0x0000008b49900000) (1024K)]
  0x0000024dd66fd030 JavaThread "Unconstrained build operations Thread 87"        [_thread_blocked, id=23196, stack(0x0000008b49900000,0x0000008b49a00000) (1024K)]
  0x0000024dd6700b40 JavaThread "Unconstrained build operations Thread 88"        [_thread_blocked, id=18452, stack(0x0000008b49a00000,0x0000008b49b00000) (1024K)]
  0x0000024dd66fdd50 JavaThread "Unconstrained build operations Thread 89"        [_thread_blocked, id=12328, stack(0x0000008b49b00000,0x0000008b49c00000) (1024K)]
  0x0000024dd67004b0 JavaThread "Unconstrained build operations Thread 90"        [_thread_blocked, id=13972, stack(0x0000008b49c00000,0x0000008b49d00000) (1024K)]
  0x0000024dd66fd6c0 JavaThread "Unconstrained build operations Thread 91"        [_thread_blocked, id=17040, stack(0x0000008b49d00000,0x0000008b49e00000) (1024K)]
  0x0000024dd67011d0 JavaThread "Unconstrained build operations Thread 92"        [_thread_blocked, id=9484, stack(0x0000008b49e00000,0x0000008b49f00000) (1024K)]
  0x0000024dd6701860 JavaThread "Unconstrained build operations Thread 93"        [_thread_blocked, id=20804, stack(0x0000008b49f00000,0x0000008b4a000000) (1024K)]
  0x0000024dd66fe3e0 JavaThread "Unconstrained build operations Thread 94"        [_thread_blocked, id=25452, stack(0x0000008b4a000000,0x0000008b4a100000) (1024K)]
  0x0000024dd6701ef0 JavaThread "Unconstrained build operations Thread 95"        [_thread_blocked, id=11524, stack(0x0000008b4a100000,0x0000008b4a200000) (1024K)]
  0x0000024dd6703930 JavaThread "Unconstrained build operations Thread 96"        [_thread_blocked, id=25012, stack(0x0000008b4a200000,0x0000008b4a300000) (1024K)]
  0x0000024dd6702580 JavaThread "Unconstrained build operations Thread 97"        [_thread_blocked, id=12340, stack(0x0000008b4a300000,0x0000008b4a400000) (1024K)]
  0x0000024dd67032a0 JavaThread "Unconstrained build operations Thread 98"        [_thread_blocked, id=24548, stack(0x0000008b4a400000,0x0000008b4a500000) (1024K)]
  0x0000024dd6702c10 JavaThread "Unconstrained build operations Thread 99"        [_thread_blocked, id=10580, stack(0x0000008b4a500000,0x0000008b4a600000) (1024K)]
  0x0000024dd99359d0 JavaThread "Unconstrained build operations Thread 100"        [_thread_blocked, id=15280, stack(0x0000008b4a600000,0x0000008b4a700000) (1024K)]
  0x0000024dd9936060 JavaThread "Unconstrained build operations Thread 101"        [_thread_blocked, id=22348, stack(0x0000008b4a700000,0x0000008b4a800000) (1024K)]
  0x0000024dd9933f90 JavaThread "Unconstrained build operations Thread 102"        [_thread_blocked, id=14536, stack(0x0000008b4a800000,0x0000008b4a900000) (1024K)]
  0x0000024dd9937aa0 JavaThread "Unconstrained build operations Thread 103"        [_thread_blocked, id=13292, stack(0x0000008b4a900000,0x0000008b4aa00000) (1024K)]
  0x0000024dd9934620 JavaThread "Unconstrained build operations Thread 104"        [_thread_blocked, id=13880, stack(0x0000008b4aa00000,0x0000008b4ab00000) (1024K)]
  0x0000024dd99387c0 JavaThread "Unconstrained build operations Thread 105"        [_thread_blocked, id=10936, stack(0x0000008b4ab00000,0x0000008b4ac00000) (1024K)]
  0x0000024dd9938130 JavaThread "Unconstrained build operations Thread 106"        [_thread_blocked, id=11108, stack(0x0000008b4ac00000,0x0000008b4ad00000) (1024K)]
  0x0000024dda0daa90 JavaThread "Unconstrained build operations Thread 107"        [_thread_blocked, id=23896, stack(0x0000008b4ad00000,0x0000008b4ae00000) (1024K)]
  0x0000024dda8b7c80 JavaThread "Unconstrained build operations Thread 108"        [_thread_blocked, id=1808, stack(0x0000008b4ae00000,0x0000008b4af00000) (1024K)]
  0x0000024dda8b6f60 JavaThread "Unconstrained build operations Thread 109"        [_thread_blocked, id=2256, stack(0x0000008b4af00000,0x0000008b4b000000) (1024K)]
  0x0000024dda8b75f0 JavaThread "Memory manager"                    [_thread_blocked, id=18140, stack(0x0000008b4b000000,0x0000008b4b100000) (1024K)]
  0x0000024ddb80c9b0 JavaThread "build event listener"              [_thread_blocked, id=14680, stack(0x0000008b4b100000,0x0000008b4b200000) (1024K)]
  0x0000024dda8ba3e0 JavaThread "Execution worker"                  [_thread_blocked, id=12956, stack(0x0000008b4b300000,0x0000008b4b400000) (1024K)]
  0x0000024dda8b89a0 JavaThread "Execution worker Thread 2"         [_thread_blocked, id=21244, stack(0x0000008b4b400000,0x0000008b4b500000) (1024K)]
  0x0000024dda8bcb40 JavaThread "Execution worker Thread 3"         [_thread_blocked, id=3976, stack(0x0000008b4b500000,0x0000008b4b600000) (1024K)]
  0x0000024dda8bd1d0 JavaThread "Execution worker Thread 4"         [_thread_blocked, id=24808, stack(0x0000008b4b600000,0x0000008b4b700000) (1024K)]
  0x0000024dda8b9d50 JavaThread "Execution worker Thread 5"         [_thread_blocked, id=22260, stack(0x0000008b4b700000,0x0000008b4b800000) (1024K)]
  0x0000024dda8bdef0 JavaThread "Execution worker Thread 6"         [_thread_blocked, id=25360, stack(0x0000008b4b800000,0x0000008b4b900000) (1024K)]
  0x0000024dda8bd860 JavaThread "Execution worker Thread 7"         [_thread_blocked, id=14256, stack(0x0000008b4b900000,0x0000008b4ba00000) (1024K)]
  0x0000024dda8baa70 JavaThread "Execution worker Thread 8"         [_thread_blocked, id=5184, stack(0x0000008b4ba00000,0x0000008b4bb00000) (1024K)]
  0x0000024dda8be580 JavaThread "Execution worker Thread 9"         [_thread_blocked, id=20656, stack(0x0000008b4bb00000,0x0000008b4bc00000) (1024K)]
  0x0000024ddb809bc0 JavaThread "Execution worker Thread 10"        [_thread_blocked, id=18312, stack(0x0000008b4bc00000,0x0000008b4bd00000) (1024K)]
  0x0000024ddb80dd60 JavaThread "Execution worker Thread 11"        [_thread_blocked, id=9972, stack(0x0000008b4bd00000,0x0000008b4be00000) (1024K)]
  0x0000024ddb80fe30 JavaThread "Cache worker for execution history cache (C:\Users\Eulelr\Documents\GitHub\isa-rotina-estudos-ANDROID\.gradle\8.7\executionHistory)"        [_thread_blocked, id=18216, stack(0x0000008b4be00000,0x0000008b4bf00000) (1024K)]
  0x0000024ddb80e3f0 JavaThread "idea-tooling-model-converter"        [_thread_blocked, id=11116, stack(0x0000008b4bf00000,0x0000008b4c000000) (1024K)]
  0x0000024ddb810b50 JavaThread "Unconstrained build operations Thread 110"        [_thread_blocked, id=23324, stack(0x0000008b4c000000,0x0000008b4c100000) (1024K)]
  0x0000024ddc74d2a0 JavaThread "Unconstrained build operations Thread 111"        [_thread_blocked, id=19072, stack(0x0000008b46d00000,0x0000008b46e00000) (1024K)]
  0x0000024ddc74dfc0 JavaThread "Unconstrained build operations Thread 112"        [_thread_blocked, id=24780, stack(0x0000008b46e00000,0x0000008b46f00000) (1024K)]
  0x0000024ddc74cc10 JavaThread "Unconstrained build operations Thread 113"        [_thread_blocked, id=16344, stack(0x0000008b4b200000,0x0000008b4b300000) (1024K)]
  0x0000024ddc74c580 JavaThread "Unconstrained build operations Thread 114"        [_thread_blocked, id=18576, stack(0x0000008b4c100000,0x0000008b4c200000) (1024K)]
  0x0000024ddc74e650 JavaThread "Unconstrained build operations Thread 115"        [_thread_blocked, id=11708, stack(0x0000008b4c200000,0x0000008b4c300000) (1024K)]
  0x0000024ddc74f370 JavaThread "Unconstrained build operations Thread 116"        [_thread_blocked, id=16052, stack(0x0000008b4c300000,0x0000008b4c400000) (1024K)]
  0x0000024ddc74bef0 JavaThread "Unconstrained build operations Thread 117"        [_thread_blocked, id=8768, stack(0x0000008b4c400000,0x0000008b4c500000) (1024K)]
  0x0000024ddc74ece0 JavaThread "Unconstrained build operations Thread 118"        [_thread_blocked, id=22012, stack(0x0000008b4c500000,0x0000008b4c600000) (1024K)]
  0x0000024ddc750090 JavaThread "Unconstrained build operations Thread 119"        [_thread_blocked, id=13576, stack(0x0000008b4c600000,0x0000008b4c700000) (1024K)]
  0x0000024ddc74d930 JavaThread "Unconstrained build operations Thread 120"        [_thread_blocked, id=24668, stack(0x0000008b4c700000,0x0000008b4c800000) (1024K)]
Total: 179

Other Threads:
  0x0000024dd1cb2250 VMThread "VM Thread"                           [id=10392, stack(0x0000008b40c00000,0x0000008b40d00000) (1024K)]
  0x0000024dd1c52c20 WatcherThread "VM Periodic Task Thread"        [id=2508, stack(0x0000008b40b00000,0x0000008b40c00000) (1024K)]
  0x0000024dba1b4810 WorkerThread "GC Thread#0"                     [id=24896, stack(0x0000008b40600000,0x0000008b40700000) (1024K)]
  0x0000024dd690a6f0 WorkerThread "GC Thread#1"                     [id=23304, stack(0x0000008b41700000,0x0000008b41800000) (1024K)]
  0x0000024dd6a220d0 WorkerThread "GC Thread#2"                     [id=23644, stack(0x0000008b41800000,0x0000008b41900000) (1024K)]
  0x0000024dd6a22890 WorkerThread "GC Thread#3"                     [id=7744, stack(0x0000008b41900000,0x0000008b41a00000) (1024K)]
  0x0000024dd6de6520 WorkerThread "GC Thread#4"                     [id=10296, stack(0x0000008b41b00000,0x0000008b41c00000) (1024K)]
  0x0000024dd88d7df0 WorkerThread "GC Thread#5"                     [id=3500, stack(0x0000008b42500000,0x0000008b42600000) (1024K)]
  0x0000024dd88d81a0 WorkerThread "GC Thread#6"                     [id=18700, stack(0x0000008b42600000,0x0000008b42700000) (1024K)]
  0x0000024dd88d8550 WorkerThread "GC Thread#7"                     [id=21980, stack(0x0000008b42700000,0x0000008b42800000) (1024K)]
  0x0000024dd8689d30 WorkerThread "GC Thread#8"                     [id=12772, stack(0x0000008b42800000,0x0000008b42900000) (1024K)]
  0x0000024dd868a0e0 WorkerThread "GC Thread#9"                     [id=13804, stack(0x0000008b42900000,0x0000008b42a00000) (1024K)]
  0x0000024dba1c6550 ConcurrentGCThread "G1 Main Marker"            [id=2880, stack(0x0000008b40700000,0x0000008b40800000) (1024K)]
  0x0000024dba1c7710 WorkerThread "G1 Conc#0"                       [id=22836, stack(0x0000008b40800000,0x0000008b40900000) (1024K)]
  0x0000024dd866ebc0 WorkerThread "G1 Conc#1"                       [id=11932, stack(0x0000008b42a00000,0x0000008b42b00000) (1024K)]
  0x0000024dd866e810 WorkerThread "G1 Conc#2"                       [id=23936, stack(0x0000008b42b00000,0x0000008b42c00000) (1024K)]
  0x0000024dd1b1c940 ConcurrentGCThread "G1 Refine#0"               [id=25584, stack(0x0000008b40900000,0x0000008b40a00000) (1024K)]
  0x0000024dd1b1d2d0 ConcurrentGCThread "G1 Service"                [id=2684, stack(0x0000008b40a00000,0x0000008b40b00000) (1024K)]
Total: 18

Threads with active compile tasks:
C2 CompilerThread0  252798 15790   !   4       org.gradle.internal.instantiation.generator.DependencyInjectingInstantiator::doCreate (64 bytes)
Total: 1

VM state: not at safepoint (normal execution)

VM Mutex/Monitor currently owned by a thread: None

Heap address: 0x0000000080000000, size: 2048 MB, Compressed Oops mode: 32-bit

CDS archive(s) not mapped
Compressed class space mapped at: 0x0000000100000000-0x0000000140000000, reserved size: 1073741824
Narrow klass base: 0x0000000000000000, Narrow klass shift: 3, Narrow klass range: 0x140000000

GC Precious Log:
 CardTable entry size: 512
 Card Set container configuration: InlinePtr #cards 5 size 8 Array Of Cards #cards 12 size 40 Howl #buckets 4 coarsen threshold 1843 Howl Bitmap #cards 512 size 80 coarsen threshold 460 Card regions per heap region 1 cards per card region 2048
 CPUs: 12 total, 12 available
 Memory: 7896M
 Large Page Support: Disabled
 NUMA Support: Disabled
 Compressed Oops: Enabled (32-bit)
 Heap Region Size: 1M
 Heap Min Capacity: 8M
 Heap Initial Capacity: 124M
 Heap Max Capacity: 2G
 Pre-touch: Disabled
 Parallel Workers: 10
 Concurrent Workers: 3
 Concurrent Refinement Workers: 10
 Periodic GC: Disabled

Heap:
 garbage-first heap   total 254976K, used 237235K [0x0000000080000000, 0x0000000100000000)
  region size 1024K, 86 young (88064K), 7 survivors (7168K)
 Metaspace       used 128968K, committed 131072K, reserved 1179648K
  class space    used 17584K, committed 18624K, reserved 1048576K

Heap Regions: E=young(eden), S=young(survivor), O=old, HS=humongous(starts), HC=humongous(continues), CS=collection set, F=free, TAMS=top-at-mark-start, PB=parsable bottom
|   0|0x0000000080000000, 0x0000000080100000, 0x0000000080100000|100%| O|  |TAMS 0x0000000080000000| PB 0x0000000080000000| Untracked 
|   1|0x0000000080100000, 0x0000000080200000, 0x0000000080200000|100%|HS|  |TAMS 0x0000000080100000| PB 0x0000000080100000| Complete 
|   2|0x0000000080200000, 0x0000000080300000, 0x0000000080300000|100%|HC|  |TAMS 0x0000000080200000| PB 0x0000000080200000| Complete 
|   3|0x0000000080300000, 0x0000000080400000, 0x0000000080400000|100%|HC|  |TAMS 0x0000000080300000| PB 0x0000000080300000| Complete 
|   4|0x0000000080400000, 0x0000000080500000, 0x0000000080500000|100%|HC|  |TAMS 0x0000000080400000| PB 0x0000000080400000| Complete 
|   5|0x0000000080500000, 0x0000000080600000, 0x0000000080600000|100%| O|  |TAMS 0x0000000080500000| PB 0x0000000080500000| Untracked 
|   6|0x0000000080600000, 0x0000000080700000, 0x0000000080700000|100%|HS|  |TAMS 0x0000000080600000| PB 0x0000000080600000| Complete 
|   7|0x0000000080700000, 0x0000000080800000, 0x0000000080800000|100%| O|  |TAMS 0x0000000080700000| PB 0x0000000080700000| Untracked 
|   8|0x0000000080800000, 0x0000000080900000, 0x0000000080900000|100%| O|  |TAMS 0x0000000080800000| PB 0x0000000080800000| Untracked 
|   9|0x0000000080900000, 0x0000000080a00000, 0x0000000080a00000|100%| O|  |TAMS 0x0000000080900000| PB 0x0000000080900000| Untracked 
|  10|0x0000000080a00000, 0x0000000080b00000, 0x0000000080b00000|100%| O|  |TAMS 0x0000000080a00000| PB 0x0000000080a00000| Untracked 
|  11|0x0000000080b00000, 0x0000000080bde7c0, 0x0000000080c00000| 86%| O|  |TAMS 0x0000000080b00000| PB 0x0000000080b00000| Untracked 
|  12|0x0000000080c00000, 0x0000000080d00000, 0x0000000080d00000|100%|HS|  |TAMS 0x0000000080c00000| PB 0x0000000080c00000| Complete 
|  13|0x0000000080d00000, 0x0000000080e00000, 0x0000000080e00000|100%|HC|  |TAMS 0x0000000080d00000| PB 0x0000000080d00000| Complete 
|  14|0x0000000080e00000, 0x0000000080f00000, 0x0000000080f00000|100%|HC|  |TAMS 0x0000000080e00000| PB 0x0000000080e00000| Complete 
|  15|0x0000000080f00000, 0x0000000081000000, 0x0000000081000000|100%|HC|  |TAMS 0x0000000080f00000| PB 0x0000000080f00000| Complete 
|  16|0x0000000081000000, 0x0000000081100000, 0x0000000081100000|100%|HC|  |TAMS 0x0000000081000000| PB 0x0000000081000000| Complete 
|  17|0x0000000081100000, 0x0000000081200000, 0x0000000081200000|100%|HC|  |TAMS 0x0000000081100000| PB 0x0000000081100000| Complete 
|  18|0x0000000081200000, 0x0000000081300000, 0x0000000081300000|100%|HS|  |TAMS 0x0000000081200000| PB 0x0000000081200000| Complete 
|  19|0x0000000081300000, 0x0000000081400000, 0x0000000081400000|100%| O|  |TAMS 0x0000000081300000| PB 0x0000000081300000| Untracked 
|  20|0x0000000081400000, 0x0000000081500000, 0x0000000081500000|100%| O|  |TAMS 0x0000000081400000| PB 0x0000000081400000| Untracked 
|  21|0x0000000081500000, 0x0000000081600000, 0x0000000081600000|100%| O|  |TAMS 0x0000000081500000| PB 0x0000000081500000| Untracked 
|  22|0x0000000081600000, 0x0000000081700000, 0x0000000081700000|100%|HS|  |TAMS 0x0000000081600000| PB 0x0000000081600000| Complete 
|  23|0x0000000081700000, 0x0000000081800000, 0x0000000081800000|100%|HC|  |TAMS 0x0000000081700000| PB 0x0000000081700000| Complete 
|  24|0x0000000081800000, 0x0000000081900000, 0x0000000081900000|100%|HC|  |TAMS 0x0000000081800000| PB 0x0000000081800000| Complete 
|  25|0x0000000081900000, 0x0000000081a00000, 0x0000000081a00000|100%|HC|  |TAMS 0x0000000081900000| PB 0x0000000081900000| Complete 
|  26|0x0000000081a00000, 0x0000000081b00000, 0x0000000081b00000|100%|HC|  |TAMS 0x0000000081a00000| PB 0x0000000081a00000| Complete 
|  27|0x0000000081b00000, 0x0000000081c00000, 0x0000000081c00000|100%|HC|  |TAMS 0x0000000081b00000| PB 0x0000000081b00000| Complete 
|  28|0x0000000081c00000, 0x0000000081d00000, 0x0000000081d00000|100%| O|  |TAMS 0x0000000081c00000| PB 0x0000000081c00000| Untracked 
|  29|0x0000000081d00000, 0x0000000081e00000, 0x0000000081e00000|100%| O|  |TAMS 0x0000000081d00000| PB 0x0000000081d00000| Untracked 
|  30|0x0000000081e00000, 0x0000000081f00000, 0x0000000081f00000|100%| O|  |TAMS 0x0000000081e00000| PB 0x0000000081e00000| Untracked 
|  31|0x0000000081f00000, 0x0000000082000000, 0x0000000082000000|100%| O|  |TAMS 0x0000000081f00000| PB 0x0000000081f00000| Untracked 
|  32|0x0000000082000000, 0x0000000082100000, 0x0000000082100000|100%| O|  |TAMS 0x0000000082000000| PB 0x0000000082000000| Untracked 
|  33|0x0000000082100000, 0x0000000082200000, 0x0000000082200000|100%| O|  |TAMS 0x0000000082100000| PB 0x0000000082100000| Untracked 
|  34|0x0000000082200000, 0x0000000082300000, 0x0000000082300000|100%| O|  |TAMS 0x0000000082200000| PB 0x0000000082200000| Untracked 
|  35|0x0000000082300000, 0x0000000082400000, 0x0000000082400000|100%|HS|  |TAMS 0x0000000082300000| PB 0x0000000082300000| Complete 
|  36|0x0000000082400000, 0x0000000082500000, 0x0000000082500000|100%|HS|  |TAMS 0x0000000082400000| PB 0x0000000082400000| Complete 
|  37|0x0000000082500000, 0x0000000082600000, 0x0000000082600000|100%| O|  |TAMS 0x0000000082500000| PB 0x0000000082500000| Untracked 
|  38|0x0000000082600000, 0x0000000082700000, 0x0000000082700000|100%| O|  |TAMS 0x0000000082600000| PB 0x0000000082600000| Untracked 
|  39|0x0000000082700000, 0x0000000082800000, 0x0000000082800000|100%| O|  |TAMS 0x0000000082700000| PB 0x0000000082700000| Untracked 
|  40|0x0000000082800000, 0x0000000082900000, 0x0000000082900000|100%| O|  |TAMS 0x0000000082800000| PB 0x0000000082800000| Untracked 
|  41|0x0000000082900000, 0x0000000082a00000, 0x0000000082a00000|100%| O|  |TAMS 0x0000000082900000| PB 0x0000000082900000| Untracked 
|  42|0x0000000082a00000, 0x0000000082b00000, 0x0000000082b00000|100%| O|  |TAMS 0x0000000082a00000| PB 0x0000000082a00000| Untracked 
|  43|0x0000000082b00000, 0x0000000082c00000, 0x0000000082c00000|100%| O|  |TAMS 0x0000000082b00000| PB 0x0000000082b00000| Untracked 
|  44|0x0000000082c00000, 0x0000000082d00000, 0x0000000082d00000|100%| O|  |TAMS 0x0000000082c00000| PB 0x0000000082c00000| Untracked 
|  45|0x0000000082d00000, 0x0000000082e00000, 0x0000000082e00000|100%| O|  |TAMS 0x0000000082d00000| PB 0x0000000082d00000| Untracked 
|  46|0x0000000082e00000, 0x0000000082f00000, 0x0000000082f00000|100%| O|  |TAMS 0x0000000082e00000| PB 0x0000000082e00000| Untracked 
|  47|0x0000000082f00000, 0x0000000083000000, 0x0000000083000000|100%| O|  |TAMS 0x0000000082f00000| PB 0x0000000082f00000| Untracked 
|  48|0x0000000083000000, 0x0000000083100000, 0x0000000083100000|100%| O|  |TAMS 0x0000000083000000| PB 0x0000000083000000| Untracked 
|  49|0x0000000083100000, 0x0000000083200000, 0x0000000083200000|100%| O|  |TAMS 0x0000000083100000| PB 0x0000000083100000| Untracked 
|  50|0x0000000083200000, 0x0000000083300000, 0x0000000083300000|100%| O|  |TAMS 0x0000000083200000| PB 0x0000000083200000| Untracked 
|  51|0x0000000083300000, 0x0000000083400000, 0x0000000083400000|100%| O|  |TAMS 0x0000000083300000| PB 0x0000000083300000| Untracked 
|  52|0x0000000083400000, 0x0000000083500000, 0x0000000083500000|100%| O|  |TAMS 0x0000000083400000| PB 0x0000000083400000| Untracked 
|  53|0x0000000083500000, 0x0000000083600000, 0x0000000083600000|100%| O|  |TAMS 0x0000000083500000| PB 0x0000000083500000| Untracked 
|  54|0x0000000083600000, 0x0000000083700000, 0x0000000083700000|100%| O|  |TAMS 0x0000000083600000| PB 0x0000000083600000| Untracked 
|  55|0x0000000083700000, 0x0000000083800000, 0x0000000083800000|100%| O|  |TAMS 0x0000000083700000| PB 0x0000000083700000| Untracked 
|  56|0x0000000083800000, 0x0000000083900000, 0x0000000083900000|100%| O|  |TAMS 0x0000000083800000| PB 0x0000000083800000| Untracked 
|  57|0x0000000083900000, 0x0000000083a00000, 0x0000000083a00000|100%| O|  |TAMS 0x0000000083900000| PB 0x0000000083900000| Untracked 
|  58|0x0000000083a00000, 0x0000000083b00000, 0x0000000083b00000|100%| O|  |TAMS 0x0000000083a00000| PB 0x0000000083a00000| Untracked 
|  59|0x0000000083b00000, 0x0000000083c00000, 0x0000000083c00000|100%| O|  |TAMS 0x0000000083b00000| PB 0x0000000083b00000| Untracked 
|  60|0x0000000083c00000, 0x0000000083d00000, 0x0000000083d00000|100%| O|  |TAMS 0x0000000083c00000| PB 0x0000000083c00000| Untracked 
|  61|0x0000000083d00000, 0x0000000083e00000, 0x0000000083e00000|100%| O|  |TAMS 0x0000000083d00000| PB 0x0000000083d00000| Untracked 
|  62|0x0000000083e00000, 0x0000000083f00000, 0x0000000083f00000|100%| O|  |TAMS 0x0000000083e00000| PB 0x0000000083e00000| Untracked 
|  63|0x0000000083f00000, 0x0000000084000000, 0x0000000084000000|100%| O|  |TAMS 0x0000000083f00000| PB 0x0000000083f00000| Untracked 
|  64|0x0000000084000000, 0x0000000084100000, 0x0000000084100000|100%| O|  |TAMS 0x0000000084000000| PB 0x0000000084000000| Untracked 
|  65|0x0000000084100000, 0x0000000084200000, 0x0000000084200000|100%| O|  |TAMS 0x0000000084100000| PB 0x0000000084100000| Untracked 
|  66|0x0000000084200000, 0x0000000084300000, 0x0000000084300000|100%| O|  |TAMS 0x0000000084200000| PB 0x0000000084200000| Untracked 
|  67|0x0000000084300000, 0x0000000084400000, 0x0000000084400000|100%| O|Cm|TAMS 0x0000000084300000| PB 0x0000000084300000| Complete 
|  68|0x0000000084400000, 0x0000000084500000, 0x0000000084500000|100%| O|  |TAMS 0x0000000084400000| PB 0x0000000084400000| Untracked 
|  69|0x0000000084500000, 0x0000000084600000, 0x0000000084600000|100%| O|  |TAMS 0x0000000084500000| PB 0x0000000084500000| Untracked 
|  70|0x0000000084600000, 0x0000000084700000, 0x0000000084700000|100%|HS|  |TAMS 0x0000000084600000| PB 0x0000000084600000| Complete 
|  71|0x0000000084700000, 0x0000000084800000, 0x0000000084800000|100%|HS|  |TAMS 0x0000000084700000| PB 0x0000000084700000| Complete 
|  72|0x0000000084800000, 0x0000000084900000, 0x0000000084900000|100%|HS|  |TAMS 0x0000000084800000| PB 0x0000000084800000| Complete 
|  73|0x0000000084900000, 0x0000000084a00000, 0x0000000084a00000|100%|HC|  |TAMS 0x0000000084900000| PB 0x0000000084900000| Complete 
|  74|0x0000000084a00000, 0x0000000084b00000, 0x0000000084b00000|100%| O|  |TAMS 0x0000000084a00000| PB 0x0000000084a00000| Untracked 
|  75|0x0000000084b00000, 0x0000000084c00000, 0x0000000084c00000|100%|HS|  |TAMS 0x0000000084b00000| PB 0x0000000084b00000| Complete 
|  76|0x0000000084c00000, 0x0000000084d00000, 0x0000000084d00000|100%|HC|  |TAMS 0x0000000084c00000| PB 0x0000000084c00000| Complete 
|  77|0x0000000084d00000, 0x0000000084e00000, 0x0000000084e00000|100%|HS|  |TAMS 0x0000000084d00000| PB 0x0000000084d00000| Complete 
|  78|0x0000000084e00000, 0x0000000084f00000, 0x0000000084f00000|100%|HS|  |TAMS 0x0000000084e00000| PB 0x0000000084e00000| Complete 
|  79|0x0000000084f00000, 0x0000000085000000, 0x0000000085000000|100%|HS|  |TAMS 0x0000000084f00000| PB 0x0000000084f00000| Complete 
|  80|0x0000000085000000, 0x0000000085100000, 0x0000000085100000|100%|HC|  |TAMS 0x0000000085000000| PB 0x0000000085000000| Complete 
|  81|0x0000000085100000, 0x0000000085200000, 0x0000000085200000|100%|HC|  |TAMS 0x0000000085100000| PB 0x0000000085100000| Complete 
|  82|0x0000000085200000, 0x0000000085300000, 0x0000000085300000|100%|HS|  |TAMS 0x0000000085200000| PB 0x0000000085200000| Complete 
|  83|0x0000000085300000, 0x0000000085400000, 0x0000000085400000|100%| O|  |TAMS 0x0000000085300000| PB 0x0000000085300000| Untracked 
|  84|0x0000000085400000, 0x0000000085500000, 0x0000000085500000|100%|HS|  |TAMS 0x0000000085400000| PB 0x0000000085400000| Complete 
|  85|0x0000000085500000, 0x0000000085600000, 0x0000000085600000|100%| O|  |TAMS 0x0000000085500000| PB 0x0000000085500000| Untracked 
|  86|0x0000000085600000, 0x0000000085700000, 0x0000000085700000|100%| O|  |TAMS 0x0000000085600000| PB 0x0000000085600000| Untracked 
|  87|0x0000000085700000, 0x0000000085800000, 0x0000000085800000|100%|HS|  |TAMS 0x0000000085700000| PB 0x0000000085700000| Complete 
|  88|0x0000000085800000, 0x0000000085900000, 0x0000000085900000|100%| O|  |TAMS 0x0000000085800000| PB 0x0000000085800000| Untracked 
|  89|0x0000000085900000, 0x0000000085a00000, 0x0000000085a00000|100%| O|  |TAMS 0x0000000085900000| PB 0x0000000085900000| Untracked 
|  90|0x0000000085a00000, 0x0000000085b00000, 0x0000000085b00000|100%| O|  |TAMS 0x0000000085a00000| PB 0x0000000085a00000| Untracked 
|  91|0x0000000085b00000, 0x0000000085c00000, 0x0000000085c00000|100%| O|  |TAMS 0x0000000085b00000| PB 0x0000000085b00000| Untracked 
|  92|0x0000000085c00000, 0x0000000085d00000, 0x0000000085d00000|100%| O|  |TAMS 0x0000000085c00000| PB 0x0000000085c00000| Untracked 
|  93|0x0000000085d00000, 0x0000000085e00000, 0x0000000085e00000|100%| O|  |TAMS 0x0000000085d00000| PB 0x0000000085d00000| Untracked 
|  94|0x0000000085e00000, 0x0000000085f00000, 0x0000000085f00000|100%| O|  |TAMS 0x0000000085e00000| PB 0x0000000085e00000| Untracked 
|  95|0x0000000085f00000, 0x0000000086000000, 0x0000000086000000|100%| O|  |TAMS 0x0000000085f00000| PB 0x0000000085f00000| Untracked 
|  96|0x0000000086000000, 0x0000000086100000, 0x0000000086100000|100%| O|  |TAMS 0x0000000086000000| PB 0x0000000086000000| Untracked 
|  97|0x0000000086100000, 0x0000000086200000, 0x0000000086200000|100%| O|  |TAMS 0x0000000086100000| PB 0x0000000086100000| Untracked 
|  98|0x0000000086200000, 0x0000000086300000, 0x0000000086300000|100%|HS|  |TAMS 0x0000000086200000| PB 0x0000000086200000| Complete 
|  99|0x0000000086300000, 0x0000000086400000, 0x0000000086400000|100%|HC|  |TAMS 0x0000000086300000| PB 0x0000000086300000| Complete 
| 100|0x0000000086400000, 0x0000000086500000, 0x0000000086500000|100%|HC|  |TAMS 0x0000000086400000| PB 0x0000000086400000| Complete 
| 101|0x0000000086500000, 0x0000000086600000, 0x0000000086600000|100%| O|  |TAMS 0x0000000086500000| PB 0x0000000086500000| Untracked 
| 102|0x0000000086600000, 0x0000000086700000, 0x0000000086700000|100%| O|  |TAMS 0x0000000086600000| PB 0x0000000086600000| Untracked 
| 103|0x0000000086700000, 0x0000000086800000, 0x0000000086800000|100%| O|  |TAMS 0x0000000086700000| PB 0x0000000086700000| Untracked 
| 104|0x0000000086800000, 0x0000000086900000, 0x0000000086900000|100%| O|  |TAMS 0x0000000086800000| PB 0x0000000086800000| Untracked 
| 105|0x0000000086900000, 0x0000000086a00000, 0x0000000086a00000|100%| O|  |TAMS 0x0000000086900000| PB 0x0000000086900000| Untracked 
| 106|0x0000000086a00000, 0x0000000086b00000, 0x0000000086b00000|100%| O|  |TAMS 0x0000000086a00000| PB 0x0000000086a00000| Untracked 
| 107|0x0000000086b00000, 0x0000000086c00000, 0x0000000086c00000|100%| O|  |TAMS 0x0000000086b00000| PB 0x0000000086b00000| Untracked 
| 108|0x0000000086c00000, 0x0000000086d00000, 0x0000000086d00000|100%| O|  |TAMS 0x0000000086c00000| PB 0x0000000086c00000| Untracked 
| 109|0x0000000086d00000, 0x0000000086e00000, 0x0000000086e00000|100%| O|  |TAMS 0x0000000086d00000| PB 0x0000000086d00000| Untracked 
| 110|0x0000000086e00000, 0x0000000086f00000, 0x0000000086f00000|100%| O|  |TAMS 0x0000000086e00000| PB 0x0000000086e00000| Untracked 
| 111|0x0000000086f00000, 0x0000000087000000, 0x0000000087000000|100%| O|  |TAMS 0x0000000086f00000| PB 0x0000000086f00000| Untracked 
| 112|0x0000000087000000, 0x0000000087100000, 0x0000000087100000|100%| O|  |TAMS 0x0000000087000000| PB 0x0000000087000000| Untracked 
| 113|0x0000000087100000, 0x0000000087200000, 0x0000000087200000|100%| O|  |TAMS 0x0000000087100000| PB 0x0000000087100000| Untracked 
| 114|0x0000000087200000, 0x0000000087300000, 0x0000000087300000|100%| O|  |TAMS 0x0000000087200000| PB 0x0000000087200000| Untracked 
| 115|0x0000000087300000, 0x0000000087400000, 0x0000000087400000|100%| O|Cm|TAMS 0x0000000087300000| PB 0x0000000087300000| Complete 
| 116|0x0000000087400000, 0x0000000087500000, 0x0000000087500000|100%| O|  |TAMS 0x0000000087400000| PB 0x0000000087400000| Untracked 
| 117|0x0000000087500000, 0x0000000087600000, 0x0000000087600000|100%| O|  |TAMS 0x0000000087500000| PB 0x0000000087500000| Untracked 
| 118|0x0000000087600000, 0x0000000087700000, 0x0000000087700000|100%| O|  |TAMS 0x0000000087600000| PB 0x0000000087600000| Untracked 
| 119|0x0000000087700000, 0x0000000087800000, 0x0000000087800000|100%| O|  |TAMS 0x0000000087700000| PB 0x0000000087700000| Untracked 
| 120|0x0000000087800000, 0x0000000087900000, 0x0000000087900000|100%| O|  |TAMS 0x0000000087800000| PB 0x0000000087800000| Untracked 
| 121|0x0000000087900000, 0x0000000087a00000, 0x0000000087a00000|100%| O|Cm|TAMS 0x0000000087900000| PB 0x0000000087900000| Complete 
| 122|0x0000000087a00000, 0x0000000087b00000, 0x0000000087b00000|100%| O|  |TAMS 0x0000000087a00000| PB 0x0000000087a00000| Untracked 
| 123|0x0000000087b00000, 0x0000000087c00000, 0x0000000087c00000|100%| O|  |TAMS 0x0000000087b00000| PB 0x0000000087b00000| Untracked 
| 124|0x0000000087c00000, 0x0000000087d00000, 0x0000000087d00000|100%| O|  |TAMS 0x0000000087c00000| PB 0x0000000087c00000| Untracked 
| 125|0x0000000087d00000, 0x0000000087e00000, 0x0000000087e00000|100%|HS|  |TAMS 0x0000000087d00000| PB 0x0000000087d00000| Complete 
| 126|0x0000000087e00000, 0x0000000087f00000, 0x0000000087f00000|100%| O|  |TAMS 0x0000000087e00000| PB 0x0000000087e00000| Untracked 
| 127|0x0000000087f00000, 0x0000000088000000, 0x0000000088000000|100%| O|  |TAMS 0x0000000087f00000| PB 0x0000000087f00000| Untracked 
| 128|0x0000000088000000, 0x0000000088100000, 0x0000000088100000|100%| O|  |TAMS 0x0000000088000000| PB 0x0000000088000000| Untracked 
| 129|0x0000000088100000, 0x0000000088200000, 0x0000000088200000|100%| O|  |TAMS 0x0000000088100000| PB 0x0000000088100000| Untracked 
| 130|0x0000000088200000, 0x0000000088300000, 0x0000000088300000|100%| O|  |TAMS 0x0000000088200000| PB 0x0000000088200000| Untracked 
| 131|0x0000000088300000, 0x0000000088400000, 0x0000000088400000|100%| O|  |TAMS 0x0000000088300000| PB 0x0000000088300000| Untracked 
| 132|0x0000000088400000, 0x0000000088500000, 0x0000000088500000|100%| O|  |TAMS 0x0000000088400000| PB 0x0000000088400000| Untracked 
| 133|0x0000000088500000, 0x0000000088600000, 0x0000000088600000|100%| O|  |TAMS 0x0000000088500000| PB 0x0000000088500000| Untracked 
| 134|0x0000000088600000, 0x0000000088700000, 0x0000000088700000|100%|HS|  |TAMS 0x0000000088600000| PB 0x0000000088600000| Complete 
| 135|0x0000000088700000, 0x0000000088800000, 0x0000000088800000|100%|HS|  |TAMS 0x0000000088700000| PB 0x0000000088700000| Complete 
| 136|0x0000000088800000, 0x0000000088897c40, 0x0000000088900000| 59%| O|  |TAMS 0x0000000088800000| PB 0x0000000088800000| Untracked 
| 137|0x0000000088900000, 0x0000000088a00000, 0x0000000088a00000|100%|HS|  |TAMS 0x0000000088900000| PB 0x0000000088900000| Complete 
| 138|0x0000000088a00000, 0x0000000088b00000, 0x0000000088b00000|100%|HS|  |TAMS 0x0000000088a00000| PB 0x0000000088a00000| Complete 
| 139|0x0000000088b00000, 0x0000000088b00000, 0x0000000088c00000|  0%| F|  |TAMS 0x0000000088b00000| PB 0x0000000088b00000| Untracked 
| 140|0x0000000088c00000, 0x0000000088c00000, 0x0000000088d00000|  0%| F|  |TAMS 0x0000000088c00000| PB 0x0000000088c00000| Untracked 
| 141|0x0000000088d00000, 0x0000000088d00000, 0x0000000088e00000|  0%| F|  |TAMS 0x0000000088d00000| PB 0x0000000088d00000| Untracked 
| 142|0x0000000088e00000, 0x0000000088e00000, 0x0000000088f00000|  0%| F|  |TAMS 0x0000000088e00000| PB 0x0000000088e00000| Untracked 
| 143|0x0000000088f00000, 0x0000000088f00000, 0x0000000089000000|  0%| F|  |TAMS 0x0000000088f00000| PB 0x0000000088f00000| Untracked 
| 144|0x0000000089000000, 0x0000000089000000, 0x0000000089100000|  0%| F|  |TAMS 0x0000000089000000| PB 0x0000000089000000| Untracked 
| 145|0x0000000089100000, 0x0000000089100000, 0x0000000089200000|  0%| F|  |TAMS 0x0000000089100000| PB 0x0000000089100000| Untracked 
| 146|0x0000000089200000, 0x0000000089200000, 0x0000000089300000|  0%| F|  |TAMS 0x0000000089200000| PB 0x0000000089200000| Untracked 
| 147|0x0000000089300000, 0x0000000089300000, 0x0000000089400000|  0%| F|  |TAMS 0x0000000089300000| PB 0x0000000089300000| Untracked 
| 148|0x0000000089400000, 0x00000000894369c0, 0x0000000089500000| 21%| S|CS|TAMS 0x0000000089400000| PB 0x0000000089400000| Complete 
| 149|0x0000000089500000, 0x0000000089600000, 0x0000000089600000|100%| S|CS|TAMS 0x0000000089500000| PB 0x0000000089500000| Complete 
| 150|0x0000000089600000, 0x0000000089700000, 0x0000000089700000|100%| S|CS|TAMS 0x0000000089600000| PB 0x0000000089600000| Complete 
| 151|0x0000000089700000, 0x0000000089800000, 0x0000000089800000|100%| S|CS|TAMS 0x0000000089700000| PB 0x0000000089700000| Complete 
| 152|0x0000000089800000, 0x0000000089900000, 0x0000000089900000|100%| S|CS|TAMS 0x0000000089800000| PB 0x0000000089800000| Complete 
| 153|0x0000000089900000, 0x0000000089a00000, 0x0000000089a00000|100%| S|CS|TAMS 0x0000000089900000| PB 0x0000000089900000| Complete 
| 154|0x0000000089a00000, 0x0000000089b00000, 0x0000000089b00000|100%| S|CS|TAMS 0x0000000089a00000| PB 0x0000000089a00000| Complete 
| 155|0x0000000089b00000, 0x0000000089b00000, 0x0000000089c00000|  0%| F|  |TAMS 0x0000000089b00000| PB 0x0000000089b00000| Untracked 
| 156|0x0000000089c00000, 0x0000000089c00000, 0x0000000089d00000|  0%| F|  |TAMS 0x0000000089c00000| PB 0x0000000089c00000| Untracked 
| 157|0x0000000089d00000, 0x0000000089d00000, 0x0000000089e00000|  0%| F|  |TAMS 0x0000000089d00000| PB 0x0000000089d00000| Untracked 
| 158|0x0000000089e00000, 0x0000000089e00000, 0x0000000089f00000|  0%| F|  |TAMS 0x0000000089e00000| PB 0x0000000089e00000| Untracked 
| 159|0x0000000089f00000, 0x0000000089f00000, 0x000000008a000000|  0%| F|  |TAMS 0x0000000089f00000| PB 0x0000000089f00000| Untracked 
| 160|0x000000008a000000, 0x000000008a08b0e0, 0x000000008a100000| 54%| E|  |TAMS 0x000000008a000000| PB 0x000000008a000000| Complete 
| 161|0x000000008a100000, 0x000000008a200000, 0x000000008a200000|100%| E|CS|TAMS 0x000000008a100000| PB 0x000000008a100000| Complete 
| 162|0x000000008a200000, 0x000000008a300000, 0x000000008a300000|100%| E|CS|TAMS 0x000000008a200000| PB 0x000000008a200000| Complete 
| 163|0x000000008a300000, 0x000000008a400000, 0x000000008a400000|100%| E|CS|TAMS 0x000000008a300000| PB 0x000000008a300000| Complete 
| 164|0x000000008a400000, 0x000000008a500000, 0x000000008a500000|100%| E|CS|TAMS 0x000000008a400000| PB 0x000000008a400000| Complete 
| 165|0x000000008a500000, 0x000000008a600000, 0x000000008a600000|100%| E|CS|TAMS 0x000000008a500000| PB 0x000000008a500000| Complete 
| 166|0x000000008a600000, 0x000000008a700000, 0x000000008a700000|100%| E|CS|TAMS 0x000000008a600000| PB 0x000000008a600000| Complete 
| 167|0x000000008a700000, 0x000000008a800000, 0x000000008a800000|100%| E|CS|TAMS 0x000000008a700000| PB 0x000000008a700000| Complete 
| 168|0x000000008a800000, 0x000000008a900000, 0x000000008a900000|100%| E|CS|TAMS 0x000000008a800000| PB 0x000000008a800000| Complete 
| 169|0x000000008a900000, 0x000000008aa00000, 0x000000008aa00000|100%| E|CS|TAMS 0x000000008a900000| PB 0x000000008a900000| Complete 
| 170|0x000000008aa00000, 0x000000008ab00000, 0x000000008ab00000|100%| E|CS|TAMS 0x000000008aa00000| PB 0x000000008aa00000| Complete 
| 171|0x000000008ab00000, 0x000000008ac00000, 0x000000008ac00000|100%| E|CS|TAMS 0x000000008ab00000| PB 0x000000008ab00000| Complete 
| 172|0x000000008ac00000, 0x000000008ad00000, 0x000000008ad00000|100%| E|CS|TAMS 0x000000008ac00000| PB 0x000000008ac00000| Complete 
| 173|0x000000008ad00000, 0x000000008ae00000, 0x000000008ae00000|100%| E|CS|TAMS 0x000000008ad00000| PB 0x000000008ad00000| Complete 
| 174|0x000000008ae00000, 0x000000008af00000, 0x000000008af00000|100%| E|CS|TAMS 0x000000008ae00000| PB 0x000000008ae00000| Complete 
| 175|0x000000008af00000, 0x000000008b000000, 0x000000008b000000|100%| E|CS|TAMS 0x000000008af00000| PB 0x000000008af00000| Complete 
| 176|0x000000008b000000, 0x000000008b100000, 0x000000008b100000|100%| E|CS|TAMS 0x000000008b000000| PB 0x000000008b000000| Complete 
| 177|0x000000008b100000, 0x000000008b200000, 0x000000008b200000|100%| E|CS|TAMS 0x000000008b100000| PB 0x000000008b100000| Complete 
| 178|0x000000008b200000, 0x000000008b300000, 0x000000008b300000|100%| E|CS|TAMS 0x000000008b200000| PB 0x000000008b200000| Complete 
| 179|0x000000008b300000, 0x000000008b400000, 0x000000008b400000|100%| E|CS|TAMS 0x000000008b300000| PB 0x000000008b300000| Complete 
| 180|0x000000008b400000, 0x000000008b500000, 0x000000008b500000|100%| E|CS|TAMS 0x000000008b400000| PB 0x000000008b400000| Complete 
| 181|0x000000008b500000, 0x000000008b600000, 0x000000008b600000|100%| E|CS|TAMS 0x000000008b500000| PB 0x000000008b500000| Complete 
| 182|0x000000008b600000, 0x000000008b700000, 0x000000008b700000|100%| E|CS|TAMS 0x000000008b600000| PB 0x000000008b600000| Complete 
| 183|0x000000008b700000, 0x000000008b800000, 0x000000008b800000|100%| E|CS|TAMS 0x000000008b700000| PB 0x000000008b700000| Complete 
| 184|0x000000008b800000, 0x000000008b900000, 0x000000008b900000|100%| E|CS|TAMS 0x000000008b800000| PB 0x000000008b800000| Complete 
| 185|0x000000008b900000, 0x000000008ba00000, 0x000000008ba00000|100%| E|CS|TAMS 0x000000008b900000| PB 0x000000008b900000| Complete 
| 186|0x000000008ba00000, 0x000000008bb00000, 0x000000008bb00000|100%| E|CS|TAMS 0x000000008ba00000| PB 0x000000008ba00000| Complete 
| 187|0x000000008bb00000, 0x000000008bc00000, 0x000000008bc00000|100%| E|CS|TAMS 0x000000008bb00000| PB 0x000000008bb00000| Complete 
| 188|0x000000008bc00000, 0x000000008bd00000, 0x000000008bd00000|100%| E|CS|TAMS 0x000000008bc00000| PB 0x000000008bc00000| Complete 
| 189|0x000000008bd00000, 0x000000008be00000, 0x000000008be00000|100%| E|CS|TAMS 0x000000008bd00000| PB 0x000000008bd00000| Complete 
| 190|0x000000008be00000, 0x000000008bf00000, 0x000000008bf00000|100%| E|CS|TAMS 0x000000008be00000| PB 0x000000008be00000| Complete 
| 191|0x000000008bf00000, 0x000000008c000000, 0x000000008c000000|100%| E|CS|TAMS 0x000000008bf00000| PB 0x000000008bf00000| Complete 
| 192|0x000000008c000000, 0x000000008c100000, 0x000000008c100000|100%| E|CS|TAMS 0x000000008c000000| PB 0x000000008c000000| Complete 
| 193|0x000000008c100000, 0x000000008c200000, 0x000000008c200000|100%| E|CS|TAMS 0x000000008c100000| PB 0x000000008c100000| Complete 
| 194|0x000000008c200000, 0x000000008c300000, 0x000000008c300000|100%| E|CS|TAMS 0x000000008c200000| PB 0x000000008c200000| Complete 
| 195|0x000000008c300000, 0x000000008c400000, 0x000000008c400000|100%| E|CS|TAMS 0x000000008c300000| PB 0x000000008c300000| Complete 
| 196|0x000000008c400000, 0x000000008c500000, 0x000000008c500000|100%| E|CS|TAMS 0x000000008c400000| PB 0x000000008c400000| Complete 
| 197|0x000000008c500000, 0x000000008c600000, 0x000000008c600000|100%| E|CS|TAMS 0x000000008c500000| PB 0x000000008c500000| Complete 
| 198|0x000000008c600000, 0x000000008c700000, 0x000000008c700000|100%| E|CS|TAMS 0x000000008c600000| PB 0x000000008c600000| Complete 
| 199|0x000000008c700000, 0x000000008c800000, 0x000000008c800000|100%| E|CS|TAMS 0x000000008c700000| PB 0x000000008c700000| Complete 
| 200|0x000000008c800000, 0x000000008c900000, 0x000000008c900000|100%| E|  |TAMS 0x000000008c800000| PB 0x000000008c800000| Complete 
| 201|0x000000008c900000, 0x000000008ca00000, 0x000000008ca00000|100%| E|CS|TAMS 0x000000008c900000| PB 0x000000008c900000| Complete 
| 202|0x000000008ca00000, 0x000000008cb00000, 0x000000008cb00000|100%| E|CS|TAMS 0x000000008ca00000| PB 0x000000008ca00000| Complete 
| 203|0x000000008cb00000, 0x000000008cc00000, 0x000000008cc00000|100%| E|CS|TAMS 0x000000008cb00000| PB 0x000000008cb00000| Complete 
| 204|0x000000008cc00000, 0x000000008cd00000, 0x000000008cd00000|100%| E|CS|TAMS 0x000000008cc00000| PB 0x000000008cc00000| Complete 
| 205|0x000000008cd00000, 0x000000008ce00000, 0x000000008ce00000|100%| E|CS|TAMS 0x000000008cd00000| PB 0x000000008cd00000| Complete 
| 206|0x000000008ce00000, 0x000000008cf00000, 0x000000008cf00000|100%| E|CS|TAMS 0x000000008ce00000| PB 0x000000008ce00000| Complete 
| 207|0x000000008cf00000, 0x000000008d000000, 0x000000008d000000|100%| E|CS|TAMS 0x000000008cf00000| PB 0x000000008cf00000| Complete 
| 208|0x000000008d000000, 0x000000008d100000, 0x000000008d100000|100%| E|CS|TAMS 0x000000008d000000| PB 0x000000008d000000| Complete 
| 209|0x000000008d100000, 0x000000008d200000, 0x000000008d200000|100%| E|CS|TAMS 0x000000008d100000| PB 0x000000008d100000| Complete 
| 210|0x000000008d200000, 0x000000008d300000, 0x000000008d300000|100%| E|CS|TAMS 0x000000008d200000| PB 0x000000008d200000| Complete 
| 211|0x000000008d300000, 0x000000008d400000, 0x000000008d400000|100%| E|CS|TAMS 0x000000008d300000| PB 0x000000008d300000| Complete 
| 212|0x000000008d400000, 0x000000008d500000, 0x000000008d500000|100%| E|CS|TAMS 0x000000008d400000| PB 0x000000008d400000| Complete 
| 213|0x000000008d500000, 0x000000008d600000, 0x000000008d600000|100%| E|CS|TAMS 0x000000008d500000| PB 0x000000008d500000| Complete 
| 214|0x000000008d600000, 0x000000008d700000, 0x000000008d700000|100%| E|CS|TAMS 0x000000008d600000| PB 0x000000008d600000| Complete 
| 215|0x000000008d700000, 0x000000008d800000, 0x000000008d800000|100%| E|CS|TAMS 0x000000008d700000| PB 0x000000008d700000| Complete 
| 216|0x000000008d800000, 0x000000008d900000, 0x000000008d900000|100%| E|CS|TAMS 0x000000008d800000| PB 0x000000008d800000| Complete 
| 217|0x000000008d900000, 0x000000008da00000, 0x000000008da00000|100%| E|CS|TAMS 0x000000008d900000| PB 0x000000008d900000| Complete 
| 218|0x000000008da00000, 0x000000008db00000, 0x000000008db00000|100%| E|CS|TAMS 0x000000008da00000| PB 0x000000008da00000| Complete 
| 219|0x000000008db00000, 0x000000008dc00000, 0x000000008dc00000|100%| E|CS|TAMS 0x000000008db00000| PB 0x000000008db00000| Complete 
| 220|0x000000008dc00000, 0x000000008dd00000, 0x000000008dd00000|100%| E|CS|TAMS 0x000000008dc00000| PB 0x000000008dc00000| Complete 
| 221|0x000000008dd00000, 0x000000008de00000, 0x000000008de00000|100%| E|CS|TAMS 0x000000008dd00000| PB 0x000000008dd00000| Complete 
| 222|0x000000008de00000, 0x000000008df00000, 0x000000008df00000|100%| E|CS|TAMS 0x000000008de00000| PB 0x000000008de00000| Complete 
| 223|0x000000008df00000, 0x000000008e000000, 0x000000008e000000|100%| E|CS|TAMS 0x000000008df00000| PB 0x000000008df00000| Complete 
| 224|0x000000008e000000, 0x000000008e100000, 0x000000008e100000|100%| E|CS|TAMS 0x000000008e000000| PB 0x000000008e000000| Complete 
| 225|0x000000008e100000, 0x000000008e200000, 0x000000008e200000|100%| E|CS|TAMS 0x000000008e100000| PB 0x000000008e100000| Complete 
| 226|0x000000008e200000, 0x000000008e300000, 0x000000008e300000|100%| E|CS|TAMS 0x000000008e200000| PB 0x000000008e200000| Complete 
| 227|0x000000008e300000, 0x000000008e400000, 0x000000008e400000|100%| E|CS|TAMS 0x000000008e300000| PB 0x000000008e300000| Complete 
| 228|0x000000008e400000, 0x000000008e500000, 0x000000008e500000|100%| E|CS|TAMS 0x000000008e400000| PB 0x000000008e400000| Complete 
| 229|0x000000008e500000, 0x000000008e600000, 0x000000008e600000|100%| E|CS|TAMS 0x000000008e500000| PB 0x000000008e500000| Complete 
| 230|0x000000008e600000, 0x000000008e700000, 0x000000008e700000|100%| E|CS|TAMS 0x000000008e600000| PB 0x000000008e600000| Complete 
| 231|0x000000008e700000, 0x000000008e800000, 0x000000008e800000|100%| E|CS|TAMS 0x000000008e700000| PB 0x000000008e700000| Complete 
| 232|0x000000008e800000, 0x000000008e900000, 0x000000008e900000|100%| E|CS|TAMS 0x000000008e800000| PB 0x000000008e800000| Complete 
| 233|0x000000008e900000, 0x000000008ea00000, 0x000000008ea00000|100%| E|CS|TAMS 0x000000008e900000| PB 0x000000008e900000| Complete 
| 234|0x000000008ea00000, 0x000000008eb00000, 0x000000008eb00000|100%| E|CS|TAMS 0x000000008ea00000| PB 0x000000008ea00000| Complete 
| 235|0x000000008eb00000, 0x000000008ec00000, 0x000000008ec00000|100%| E|CS|TAMS 0x000000008eb00000| PB 0x000000008eb00000| Complete 
| 236|0x000000008ec00000, 0x000000008ed00000, 0x000000008ed00000|100%| E|CS|TAMS 0x000000008ec00000| PB 0x000000008ec00000| Complete 
| 237|0x000000008ed00000, 0x000000008ee00000, 0x000000008ee00000|100%| E|CS|TAMS 0x000000008ed00000| PB 0x000000008ed00000| Complete 
| 238|0x000000008ee00000, 0x000000008ef00000, 0x000000008ef00000|100%| E|CS|TAMS 0x000000008ee00000| PB 0x000000008ee00000| Complete 
|2038|0x00000000ff600000, 0x00000000ff700000, 0x00000000ff700000|100%| O|  |TAMS 0x00000000ff600000| PB 0x00000000ff600000| Untracked 
|2039|0x00000000ff700000, 0x00000000ff800000, 0x00000000ff800000|100%| O|  |TAMS 0x00000000ff700000| PB 0x00000000ff700000| Untracked 
|2040|0x00000000ff800000, 0x00000000ff900000, 0x00000000ff900000|100%| O|  |TAMS 0x00000000ff800000| PB 0x00000000ff800000| Untracked 
|2041|0x00000000ff900000, 0x00000000ffa00000, 0x00000000ffa00000|100%| O|  |TAMS 0x00000000ff900000| PB 0x00000000ff900000| Untracked 
|2042|0x00000000ffa00000, 0x00000000ffb00000, 0x00000000ffb00000|100%| O|  |TAMS 0x00000000ffa00000| PB 0x00000000ffa00000| Untracked 
|2043|0x00000000ffb00000, 0x00000000ffc00000, 0x00000000ffc00000|100%| O|  |TAMS 0x00000000ffb00000| PB 0x00000000ffb00000| Untracked 
|2044|0x00000000ffc00000, 0x00000000ffd00000, 0x00000000ffd00000|100%| O|  |TAMS 0x00000000ffc00000| PB 0x00000000ffc00000| Untracked 
|2045|0x00000000ffd00000, 0x00000000ffe00000, 0x00000000ffe00000|100%| O|  |TAMS 0x00000000ffd00000| PB 0x00000000ffd00000| Untracked 
|2046|0x00000000ffe00000, 0x00000000fff00000, 0x00000000fff00000|100%| O|  |TAMS 0x00000000ffe00000| PB 0x00000000ffe00000| Untracked 
|2047|0x00000000fff00000, 0x0000000100000000, 0x0000000100000000|100%| O|  |TAMS 0x00000000fff00000| PB 0x00000000fff00000| Untracked 

Card table byte_map: [0x0000024dccc20000,0x0000024dcd020000] _byte_map_base: 0x0000024dcc820000

Marking Bits: (CMBitMap*) 0x0000024dba1b4e30
 Bits: [0x0000024dcd020000, 0x0000024dcf020000)

Polling page: 0x0000024db7f80000

Metaspace:

Usage:
  Non-class:    108.77 MB used.
      Class:     17.17 MB used.
       Both:    125.95 MB used.

Virtual space:
  Non-class space:      128.00 MB reserved,     109.81 MB ( 86%) committed,  2 nodes.
      Class space:        1.00 GB reserved,      18.19 MB (  2%) committed,  1 nodes.
             Both:        1.12 GB reserved,     128.00 MB ( 11%) committed. 

Chunk freelists:
   Non-Class:  1.44 MB
       Class:  13.76 MB
        Both:  15.20 MB

MaxMetaspaceSize: unlimited
CompressedClassSpaceSize: 1.00 GB
Initial GC threshold: 21.00 MB
Current GC threshold: 190.88 MB
CDS: off
 - commit_granule_bytes: 65536.
 - commit_granule_words: 8192.
 - virtual_space_node_default_size: 8388608.
 - enlarge_chunks_in_place: 1.
 - use_allocation_guard: 0.


Internal statistics:

num_allocs_failed_limit: 6.
num_arena_births: 4216.
num_arena_deaths: 0.
num_vsnodes_births: 3.
num_vsnodes_deaths: 0.
num_space_committed: 2047.
num_space_uncommitted: 0.
num_chunks_returned_to_freelist: 6.
num_chunks_taken_from_freelist: 9515.
num_chunk_merges: 3.
num_chunk_splits: 6202.
num_chunks_enlarged: 3877.
num_inconsistent_stats: 0.

CodeHeap 'non-profiled nmethods': size=120000Kb used=9272Kb max_used=9272Kb free=110727Kb
 bounds [0x0000024dc4d90000, 0x0000024dc56a0000, 0x0000024dcc2c0000]
CodeHeap 'profiled nmethods': size=120000Kb used=25020Kb max_used=25020Kb free=94979Kb
 bounds [0x0000024dbd2c0000, 0x0000024dbeb40000, 0x0000024dc47f0000]
CodeHeap 'non-nmethods': size=5760Kb used=2846Kb max_used=2876Kb free=2913Kb
 bounds [0x0000024dc47f0000, 0x0000024dc4ad0000, 0x0000024dc4d90000]
CodeCache: size=245760Kb, used=37138Kb, max_used=37168Kb, free=208619Kb
 total_blobs=14050, nmethods=12953, adapters=1000, full_count=0
Compilation: enabled, stopped_count=0, restarted_count=0

Compilation events (20 events):
Event: 251.429 Thread 0x0000024dd609b6f0 15797       1       org.gradle.api.internal.artifacts.ivyservice.resolveengine.graph.builder.EdgeState::getTransitiveExclusions (5 bytes)
Event: 251.429 Thread 0x0000024dd609b6f0 nmethod 15797 0x0000024dc569e010 code [0x0000024dc569e1a0, 0x0000024dc569e268]
Event: 251.430 Thread 0x0000024dd609b6f0 15798       3       org.gradle.api.internal.artifacts.ivyservice.resolveengine.result.DefaultComponentSelectionDescriptor::withDescription (31 bytes)
Event: 251.431 Thread 0x0000024dd609b6f0 nmethod 15798 0x0000024dbeb21510 code [0x0000024dbeb216e0, 0x0000024dbeb219d0]
Event: 251.580 Thread 0x0000024dd609b6f0 15799       3       org.gradle.api.internal.artifacts.ivyservice.resolveengine.graph.builder.ModuleSelectors$SelectorComparator::compare (13 bytes)
Event: 251.581 Thread 0x0000024dd609b6f0 nmethod 15799 0x0000024dbeb21b10 code [0x0000024dbeb21ce0, 0x0000024dbeb22028]
Event: 251.581 Thread 0x0000024dd609b6f0 15801       3       org.gradle.api.internal.artifacts.ivyservice.resolveengine.graph.builder.ModuleSelectors::access$300 (6 bytes)
Event: 251.583 Thread 0x0000024dd609b6f0 nmethod 15801 0x0000024dbeb22110 code [0x0000024dbeb22380, 0x0000024dbeb22e90]
Event: 251.583 Thread 0x0000024dd609b6f0 15802       3       org.gradle.api.internal.artifacts.ivyservice.resolveengine.graph.builder.ModuleSelectors::requiredVersion (27 bytes)
Event: 251.584 Thread 0x0000024dd609b6f0 nmethod 15802 0x0000024dbeb23310 code [0x0000024dbeb23580, 0x0000024dbeb24070]
Event: 251.584 Thread 0x0000024dd609b6f0 15800       3       org.gradle.api.internal.artifacts.ivyservice.resolveengine.graph.builder.ModuleSelectors$SelectorComparator::compare (183 bytes)
Event: 251.589 Thread 0x0000024dd609b6f0 nmethod 15800 0x0000024dbeb24490 code [0x0000024dbeb24c00, 0x0000024dbeb29900]
Event: 251.590 Thread 0x0000024dd609b6f0 15803       3       com.google.common.primitives.Longs::tryParse (7 bytes)
Event: 251.590 Thread 0x0000024dd609b6f0 nmethod 15803 0x0000024dbeb2af90 code [0x0000024dbeb2b140, 0x0000024dbeb2b260]
Event: 251.590 Thread 0x0000024dd609b6f0 15804       3       com.google.common.primitives.Longs::tryParse (232 bytes)
Event: 251.593 Thread 0x0000024dd609b6f0 nmethod 15804 0x0000024dbeb2b310 code [0x0000024dbeb2b760, 0x0000024dbeb2d5d8]
Event: 251.682 Thread 0x0000024dd609b6f0 15806       3       org.gradle.api.internal.artifacts.ivyservice.resolveengine.graph.builder.ComponentState::isCandidateForConflictResolution (8 bytes)
Event: 251.682 Thread 0x0000024dd609b6f0 nmethod 15806 0x0000024dbeb2e110 code [0x0000024dbeb2e2a0, 0x0000024dbeb2e3d8]
Event: 252.225 Thread 0x0000024dd609b6f0 15807       3       org.gradle.api.internal.artifacts.ivyservice.modulecache.ModuleMetadataSerializer$Reader::readMavenDependency (148 bytes)
Event: 252.694 Thread 0x0000024dd609b6f0 nmethod 15807 0x0000024dbeb2e490 code [0x0000024dbeb2e800, 0x0000024dbeb2fe80]

GC Heap History (20 events):
Event: 124.873 GC heap before
{Heap before GC invocations=46 (full 0):
 garbage-first heap   total 204800K, used 187182K [0x0000000080000000, 0x0000000100000000)
  region size 1024K, 67 young (68608K), 3 survivors (3072K)
 Metaspace       used 111601K, committed 113664K, reserved 1179648K
  class space    used 15431K, committed 16448K, reserved 1048576K
}
Event: 124.879 GC heap after
{Heap after GC invocations=47 (full 0):
 garbage-first heap   total 204800K, used 125057K [0x0000000080000000, 0x0000000100000000)
  region size 1024K, 7 young (7168K), 7 survivors (7168K)
 Metaspace       used 111601K, committed 113664K, reserved 1179648K
  class space    used 15431K, committed 16448K, reserved 1048576K
}
Event: 137.488 GC heap before
{Heap before GC invocations=47 (full 0):
 garbage-first heap   total 204800K, used 186497K [0x0000000080000000, 0x0000000100000000)
  region size 1024K, 68 young (69632K), 7 survivors (7168K)
 Metaspace       used 115215K, committed 117248K, reserved 1179648K
  class space    used 15934K, committed 16896K, reserved 1048576K
}
Event: 137.507 GC heap after
{Heap after GC invocations=48 (full 0):
 garbage-first heap   total 204800K, used 130333K [0x0000000080000000, 0x0000000100000000)
  region size 1024K, 9 young (9216K), 9 survivors (9216K)
 Metaspace       used 115215K, committed 117248K, reserved 1179648K
  class space    used 15934K, committed 16896K, reserved 1048576K
}
Event: 154.558 GC heap before
{Heap before GC invocations=49 (full 0):
 garbage-first heap   total 219136K, used 188701K [0x0000000080000000, 0x0000000100000000)
  region size 1024K, 66 young (67584K), 9 survivors (9216K)
 Metaspace       used 115223K, committed 117248K, reserved 1179648K
  class space    used 15936K, committed 16896K, reserved 1048576K
}
Event: 154.577 GC heap after
{Heap after GC invocations=50 (full 0):
 garbage-first heap   total 219136K, used 133710K [0x0000000080000000, 0x0000000100000000)
  region size 1024K, 6 young (6144K), 6 survivors (6144K)
 Metaspace       used 115223K, committed 117248K, reserved 1179648K
  class space    used 15936K, committed 16896K, reserved 1048576K
}
Event: 177.220 GC heap before
{Heap before GC invocations=50 (full 0):
 garbage-first heap   total 219136K, used 201294K [0x0000000080000000, 0x0000000100000000)
  region size 1024K, 73 young (74752K), 6 survivors (6144K)
 Metaspace       used 115226K, committed 117248K, reserved 1179648K
  class space    used 15936K, committed 16896K, reserved 1048576K
}
Event: 177.260 GC heap after
{Heap after GC invocations=51 (full 0):
 garbage-first heap   total 219136K, used 136555K [0x0000000080000000, 0x0000000100000000)
  region size 1024K, 10 young (10240K), 10 survivors (10240K)
 Metaspace       used 115226K, committed 117248K, reserved 1179648K
  class space    used 15936K, committed 16896K, reserved 1048576K
}
Event: 178.137 GC heap before
{Heap before GC invocations=51 (full 0):
 garbage-first heap   total 219136K, used 201067K [0x0000000080000000, 0x0000000100000000)
  region size 1024K, 73 young (74752K), 10 survivors (10240K)
 Metaspace       used 115226K, committed 117248K, reserved 1179648K
  class space    used 15936K, committed 16896K, reserved 1048576K
}
Event: 178.147 GC heap after
{Heap after GC invocations=52 (full 0):
 garbage-first heap   total 219136K, used 141518K [0x0000000080000000, 0x0000000100000000)
  region size 1024K, 8 young (8192K), 8 survivors (8192K)
 Metaspace       used 115226K, committed 117248K, reserved 1179648K
  class space    used 15936K, committed 16896K, reserved 1048576K
}
Event: 178.855 GC heap before
{Heap before GC invocations=53 (full 0):
 garbage-first heap   total 237568K, used 200910K [0x0000000080000000, 0x0000000100000000)
  region size 1024K, 66 young (67584K), 8 survivors (8192K)
 Metaspace       used 115226K, committed 117248K, reserved 1179648K
  class space    used 15936K, committed 16896K, reserved 1048576K
}
Event: 178.895 GC heap after
{Heap after GC invocations=54 (full 0):
 garbage-first heap   total 237568K, used 146089K [0x0000000080000000, 0x0000000100000000)
  region size 1024K, 7 young (7168K), 7 survivors (7168K)
 Metaspace       used 115226K, committed 117248K, reserved 1179648K
  class space    used 15936K, committed 16896K, reserved 1048576K
}
Event: 196.706 GC heap before
{Heap before GC invocations=54 (full 0):
 garbage-first heap   total 237568K, used 215721K [0x0000000080000000, 0x0000000100000000)
  region size 1024K, 75 young (76800K), 7 survivors (7168K)
 Metaspace       used 115227K, committed 117248K, reserved 1179648K
  class space    used 15936K, committed 16896K, reserved 1048576K
}
Event: 196.773 GC heap after
{Heap after GC invocations=55 (full 0):
 garbage-first heap   total 237568K, used 147652K [0x0000000080000000, 0x0000000100000000)
  region size 1024K, 6 young (6144K), 6 survivors (6144K)
 Metaspace       used 115227K, committed 117248K, reserved 1179648K
  class space    used 15936K, committed 16896K, reserved 1048576K
}
Event: 198.143 GC heap before
{Heap before GC invocations=55 (full 0):
 garbage-first heap   total 237568K, used 216260K [0x0000000080000000, 0x0000000100000000)
  region size 1024K, 74 young (75776K), 6 survivors (6144K)
 Metaspace       used 115227K, committed 117248K, reserved 1179648K
  class space    used 15936K, committed 16896K, reserved 1048576K
}
Event: 198.277 GC heap after
{Heap after GC invocations=56 (full 0):
 garbage-first heap   total 237568K, used 152010K [0x0000000080000000, 0x0000000100000000)
  region size 1024K, 10 young (10240K), 10 survivors (10240K)
 Metaspace       used 115227K, committed 117248K, reserved 1179648K
  class space    used 15936K, committed 16896K, reserved 1048576K
}
Event: 208.768 GC heap before
{Heap before GC invocations=57 (full 0):
 garbage-first heap   total 254976K, used 216522K [0x0000000080000000, 0x0000000100000000)
  region size 1024K, 74 young (75776K), 10 survivors (10240K)
 Metaspace       used 115471K, committed 117504K, reserved 1179648K
  class space    used 15963K, committed 16960K, reserved 1048576K
}
Event: 208.775 GC heap after
{Heap after GC invocations=58 (full 0):
 garbage-first heap   total 254976K, used 150275K [0x0000000080000000, 0x0000000100000000)
  region size 1024K, 3 young (3072K), 3 survivors (3072K)
 Metaspace       used 115471K, committed 117504K, reserved 1179648K
  class space    used 15963K, committed 16960K, reserved 1048576K
}
Event: 226.987 GC heap before
{Heap before GC invocations=58 (full 0):
 garbage-first heap   total 254976K, used 234243K [0x0000000080000000, 0x0000000100000000)
  region size 1024K, 84 young (86016K), 3 survivors (3072K)
 Metaspace       used 123970K, committed 126080K, reserved 1179648K
  class space    used 17081K, committed 18112K, reserved 1048576K
}
Event: 227.000 GC heap after
{Heap after GC invocations=59 (full 0):
 garbage-first heap   total 254976K, used 153267K [0x0000000080000000, 0x0000000100000000)
  region size 1024K, 7 young (7168K), 7 survivors (7168K)
 Metaspace       used 123970K, committed 126080K, reserved 1179648K
  class space    used 17081K, committed 18112K, reserved 1048576K
}

Dll operation events (3 events):
Event: 0.021 Loaded shared library C:\Program Files\Android\Android Studio1\jbr\bin\java.dll
Event: 0.030 Loaded shared library C:\Program Files\Android\Android Studio1\jbr\bin\zip.dll
Event: 0.960 Loaded shared library C:\Program Files\Android\Android Studio1\jbr\bin\verify.dll

Deoptimization events (20 events):
Event: 241.328 Thread 0x0000024dd86fb7f0 DEOPT PACKING pc=0x0000024dc5669e88 sp=0x0000008b421f5500
Event: 241.328 Thread 0x0000024dd86fb7f0 DEOPT UNPACKING pc=0x0000024dc48443a2 sp=0x0000008b421f54a8 mode 2
Event: 241.328 Thread 0x0000024dd86fb7f0 Uncommon trap: trap_request=0xffffffd6 fr.pc=0x0000024dc5669e88 relative=0x0000000000000b28
Event: 241.328 Thread 0x0000024dd86fb7f0 Uncommon trap: reason=array_check action=maybe_recompile pc=0x0000024dc5669e88 method=com.google.common.collect.RegularImmutableMap.fromEntryArrayCheckingBucketOverflow(I[Ljava/util/Map$Entry;Z)Lcom/google/common/collect/ImmutableMap; @ 220 c2
Event: 241.328 Thread 0x0000024dd86fb7f0 DEOPT PACKING pc=0x0000024dc5669e88 sp=0x0000008b421f5500
Event: 241.328 Thread 0x0000024dd86fb7f0 DEOPT UNPACKING pc=0x0000024dc48443a2 sp=0x0000008b421f54a8 mode 2
Event: 241.328 Thread 0x0000024dd86fb7f0 Uncommon trap: trap_request=0xffffffd6 fr.pc=0x0000024dc5669e88 relative=0x0000000000000b28
Event: 241.328 Thread 0x0000024dd86fb7f0 Uncommon trap: reason=array_check action=maybe_recompile pc=0x0000024dc5669e88 method=com.google.common.collect.RegularImmutableMap.fromEntryArrayCheckingBucketOverflow(I[Ljava/util/Map$Entry;Z)Lcom/google/common/collect/ImmutableMap; @ 220 c2
Event: 241.328 Thread 0x0000024dd86fb7f0 DEOPT PACKING pc=0x0000024dc5669e88 sp=0x0000008b421f5500
Event: 241.328 Thread 0x0000024dd86fb7f0 DEOPT UNPACKING pc=0x0000024dc48443a2 sp=0x0000008b421f54a8 mode 2
Event: 244.653 Thread 0x0000024dd86fb7f0 Uncommon trap: trap_request=0xffffff76 fr.pc=0x0000024dc5679dc4 relative=0x00000000000003e4
Event: 244.653 Thread 0x0000024dd86fb7f0 Uncommon trap: reason=predicate action=maybe_recompile pc=0x0000024dc5679dc4 method=java.util.AbstractCollection.toArray([Ljava/lang/Object;)[Ljava/lang/Object; @ 43 c2
Event: 244.653 Thread 0x0000024dd86fb7f0 DEOPT PACKING pc=0x0000024dc5679dc4 sp=0x0000008b421f3b20
Event: 244.653 Thread 0x0000024dd86fb7f0 DEOPT UNPACKING pc=0x0000024dc48443a2 sp=0x0000008b421f3ac8 mode 2
Event: 245.135 Thread 0x0000024dd86fb7f0 DEOPT PACKING pc=0x0000024dbea05021 sp=0x0000008b421f3ab0
Event: 245.135 Thread 0x0000024dd86fb7f0 DEOPT UNPACKING pc=0x0000024dc4844b42 sp=0x0000008b421f2fb0 mode 0
Event: 245.711 Thread 0x0000024dd8aae1f0 DEOPT PACKING pc=0x0000024dbe20fb73 sp=0x0000008b42ffec70
Event: 245.711 Thread 0x0000024dd8aae1f0 DEOPT UNPACKING pc=0x0000024dc4844b42 sp=0x0000008b42ffe208 mode 0
Event: 251.863 Thread 0x0000024dd86fb7f0 DEOPT PACKING pc=0x0000024dbea05021 sp=0x0000008b421f4d60
Event: 251.865 Thread 0x0000024dd86fb7f0 DEOPT UNPACKING pc=0x0000024dc4844b42 sp=0x0000008b421f4260 mode 0

Classes loaded (20 events):
Event: 234.174 Loading class javax/xml/stream/events/StartElement done
Event: 234.175 Loading class com/sun/xml/internal/stream/events/StartElementEvent done
Event: 234.179 Loading class com/sun/xml/internal/stream/events/NamespaceImpl
Event: 234.180 Loading class javax/xml/stream/events/Namespace
Event: 234.180 Loading class javax/xml/stream/events/Attribute
Event: 234.181 Loading class javax/xml/stream/events/Attribute done
Event: 234.181 Loading class javax/xml/stream/events/Namespace done
Event: 234.183 Loading class com/sun/xml/internal/stream/events/AttributeImpl
Event: 234.189 Loading class com/sun/xml/internal/stream/events/AttributeImpl done
Event: 234.189 Loading class com/sun/xml/internal/stream/events/NamespaceImpl done
Event: 234.189 Loading class com/sun/org/apache/xerces/internal/util/NamespaceSupport$Prefixes
Event: 234.196 Loading class com/sun/org/apache/xerces/internal/util/NamespaceSupport$Prefixes done
Event: 234.198 Loading class com/sun/xml/internal/stream/events/CharacterEvent
Event: 234.200 Loading class javax/xml/stream/events/Characters
Event: 234.211 Loading class javax/xml/stream/events/Characters done
Event: 234.211 Loading class com/sun/xml/internal/stream/events/CharacterEvent done
Event: 234.214 Loading class com/sun/xml/internal/stream/events/EndElementEvent
Event: 234.240 Loading class javax/xml/stream/events/EndElement
Event: 234.240 Loading class javax/xml/stream/events/EndElement done
Event: 234.240 Loading class com/sun/xml/internal/stream/events/EndElementEvent done

Classes unloaded (0 events):
No events

Classes redefined (0 events):
No events

Internal exceptions (20 events):
Event: 251.548 Thread 0x0000024dd86fb7f0 Exception <a 'sun/nio/fs/WindowsException'{0x000000008a26de38}> (0x000000008a26de38) 
thrown [s\src\hotspot\share\prims\jni.cpp, line 537]
Event: 251.557 Thread 0x0000024dd86fb7f0 Exception <a 'sun/nio/fs/WindowsException'{0x000000008a282ba0}> (0x000000008a282ba0) 
thrown [s\src\hotspot\share\prims\jni.cpp, line 537]
Event: 251.570 Thread 0x0000024dd86fb7f0 Exception <a 'sun/nio/fs/WindowsException'{0x000000008a2993e8}> (0x000000008a2993e8) 
thrown [s\src\hotspot\share\prims\jni.cpp, line 537]
Event: 251.584 Thread 0x0000024dd86fb7f0 Exception <a 'sun/nio/fs/WindowsException'{0x000000008a2b17c0}> (0x000000008a2b17c0) 
thrown [s\src\hotspot\share\prims\jni.cpp, line 537]
Event: 251.591 Thread 0x0000024dd86fb7f0 Exception <a 'sun/nio/fs/WindowsException'{0x000000008a2be708}> (0x000000008a2be708) 
thrown [s\src\hotspot\share\prims\jni.cpp, line 537]
Event: 251.608 Thread 0x0000024dd86fb7f0 Exception <a 'sun/nio/fs/WindowsException'{0x000000008a2db0b0}> (0x000000008a2db0b0) 
thrown [s\src\hotspot\share\prims\jni.cpp, line 537]
Event: 251.621 Thread 0x0000024dd86fb7f0 Exception <a 'sun/nio/fs/WindowsException'{0x000000008a2f0468}> (0x000000008a2f0468) 
thrown [s\src\hotspot\share\prims\jni.cpp, line 537]
Event: 251.670 Thread 0x0000024dd86fb7f0 Exception <a 'sun/nio/fs/WindowsException'{0x000000008a1091b0}> (0x000000008a1091b0) 
thrown [s\src\hotspot\share\prims\jni.cpp, line 537]
Event: 251.686 Thread 0x0000024dd86fb7f0 Exception <a 'sun/nio/fs/WindowsException'{0x000000008a11c730}> (0x000000008a11c730) 
thrown [s\src\hotspot\share\prims\jni.cpp, line 537]
Event: 251.779 Thread 0x0000024dd86fb7f0 Exception <a 'sun/nio/fs/WindowsException'{0x000000008a13ef00}> (0x000000008a13ef00) 
thrown [s\src\hotspot\share\prims\jni.cpp, line 537]
Event: 251.796 Thread 0x0000024dd86fb7f0 Exception <a 'sun/nio/fs/WindowsException'{0x000000008a15ffe8}> (0x000000008a15ffe8) 
thrown [s\src\hotspot\share\prims\jni.cpp, line 537]
Event: 251.882 Thread 0x0000024dd86fb7f0 Exception <a 'sun/nio/fs/WindowsException'{0x000000008a16d620}> (0x000000008a16d620) 
thrown [s\src\hotspot\share\prims\jni.cpp, line 537]
Event: 251.910 Thread 0x0000024dd86fb7f0 Exception <a 'sun/nio/fs/WindowsException'{0x000000008a199378}> (0x000000008a199378) 
thrown [s\src\hotspot\share\prims\jni.cpp, line 537]
Event: 252.010 Thread 0x0000024dd86fb7f0 Exception <a 'sun/nio/fs/WindowsException'{0x000000008a1b00c8}> (0x000000008a1b00c8) 
thrown [s\src\hotspot\share\prims\jni.cpp, line 537]
Event: 252.040 Thread 0x0000024dd86fb7f0 Exception <a 'sun/nio/fs/WindowsException'{0x000000008a1d1550}> (0x000000008a1d1550) 
thrown [s\src\hotspot\share\prims\jni.cpp, line 537]
Event: 252.062 Thread 0x0000024dd86fb7f0 Exception <a 'sun/nio/fs/WindowsException'{0x000000008a1e13f8}> (0x000000008a1e13f8) 
thrown [s\src\hotspot\share\prims\jni.cpp, line 537]
Event: 252.120 Thread 0x0000024dd86fb7f0 Exception <a 'sun/nio/fs/WindowsException'{0x000000008a006790}> (0x000000008a006790) 
thrown [s\src\hotspot\share\prims\jni.cpp, line 537]
Event: 252.155 Thread 0x0000024dd86fb7f0 Exception <a 'sun/nio/fs/WindowsException'{0x000000008a022fc8}> (0x000000008a022fc8) 
thrown [s\src\hotspot\share\prims\jni.cpp, line 537]
Event: 252.271 Thread 0x0000024dd86fb7f0 Exception <a 'sun/nio/fs/WindowsException'{0x000000008a033df8}> (0x000000008a033df8) 
thrown [s\src\hotspot\share\prims\jni.cpp, line 537]
Event: 252.340 Thread 0x0000024dd86fb7f0 Exception <a 'sun/nio/fs/WindowsException'{0x000000008a058958}> (0x000000008a058958) 
thrown [s\src\hotspot\share\prims\jni.cpp, line 537]

ZGC Phase Switch (0 events):
No events

VM Operations (20 events):
Event: 241.280 Executing safepoint VM operation: Cleanup done
Event: 242.295 Executing safepoint VM operation: Cleanup
Event: 242.311 Executing safepoint VM operation: Cleanup done
Event: 243.321 Executing safepoint VM operation: Cleanup
Event: 243.321 Executing safepoint VM operation: Cleanup done
Event: 244.321 Executing safepoint VM operation: Cleanup
Event: 244.321 Executing safepoint VM operation: Cleanup done
Event: 245.329 Executing safepoint VM operation: Cleanup
Event: 245.329 Executing safepoint VM operation: Cleanup done
Event: 246.341 Executing safepoint VM operation: Cleanup
Event: 246.341 Executing safepoint VM operation: Cleanup done
Event: 247.357 Executing safepoint VM operation: Cleanup
Event: 247.357 Executing safepoint VM operation: Cleanup done
Event: 248.359 Executing safepoint VM operation: Cleanup
Event: 248.359 Executing safepoint VM operation: Cleanup done
Event: 249.373 Executing safepoint VM operation: Cleanup
Event: 249.471 Executing safepoint VM operation: Cleanup done
Event: 250.487 Executing safepoint VM operation: Cleanup
Event: 250.488 Executing safepoint VM operation: Cleanup done
Event: 252.502 Executing safepoint VM operation: Cleanup

Memory protections (0 events):
No events

Nmethod flushes (20 events):
Event: 198.401 Thread 0x0000024dd1cb2250 flushing  nmethod 0x0000024dbe056710
Event: 198.402 Thread 0x0000024dd1cb2250 flushing  nmethod 0x0000024dbe157110
Event: 198.402 Thread 0x0000024dd1cb2250 flushing  nmethod 0x0000024dbe232c90
Event: 198.402 Thread 0x0000024dd1cb2250 flushing  nmethod 0x0000024dbe236810
Event: 198.402 Thread 0x0000024dd1cb2250 flushing  nmethod 0x0000024dbe6ef790
Event: 198.402 Thread 0x0000024dd1cb2250 flushing  nmethod 0x0000024dbe8cb190
Event: 198.402 Thread 0x0000024dd1cb2250 flushing osr nmethod 0x0000024dc5560d10
Event: 198.402 Thread 0x0000024dd1cb2250 flushing  nmethod 0x0000024dbd561510
Event: 198.402 Thread 0x0000024dd1cb2250 flushing  nmethod 0x0000024dbd85f490
Event: 198.402 Thread 0x0000024dd1cb2250 flushing  nmethod 0x0000024dbdbd5190
Event: 198.403 Thread 0x0000024dd1cb2250 flushing  nmethod 0x0000024dbdd3d690
Event: 198.403 Thread 0x0000024dd1cb2250 flushing  nmethod 0x0000024dbde01410
Event: 198.403 Thread 0x0000024dd1cb2250 flushing  nmethod 0x0000024dbe48aa10
Event: 198.403 Thread 0x0000024dd1cb2250 flushing  nmethod 0x0000024dbe48ad90
Event: 198.403 Thread 0x0000024dd1cb2250 flushing  nmethod 0x0000024dbdca3f90
Event: 198.403 Thread 0x0000024dd1cb2250 flushing  nmethod 0x0000024dbdde3f10
Event: 198.403 Thread 0x0000024dd1cb2250 flushing  nmethod 0x0000024dbdee8f90
Event: 198.403 Thread 0x0000024dd1cb2250 flushing  nmethod 0x0000024dbdee9990
Event: 198.403 Thread 0x0000024dd1cb2250 flushing  nmethod 0x0000024dbe2b8d10
Event: 198.403 Thread 0x0000024dd1cb2250 flushing  nmethod 0x0000024dbe3cdd10

Events (20 events):
Event: 124.909 Thread 0x0000024dda8b96c0 Thread added: 0x0000024dda8bdef0
Event: 124.909 Thread 0x0000024dda8b96c0 Thread added: 0x0000024dda8bd860
Event: 124.910 Thread 0x0000024dda8b96c0 Thread added: 0x0000024dda8baa70
Event: 124.910 Thread 0x0000024dda8b96c0 Thread added: 0x0000024dda8be580
Event: 124.910 Thread 0x0000024dda8b96c0 Thread added: 0x0000024ddb809bc0
Event: 124.911 Thread 0x0000024dda8b96c0 Thread added: 0x0000024ddb80dd60
Event: 124.989 Thread 0x0000024dda8ba3e0 Thread added: 0x0000024ddb80fe30
Event: 125.253 Thread 0x0000024dd86fb7f0 Thread added: 0x0000024ddb80e3f0
Event: 127.179 Thread 0x0000024dd86fb7f0 Thread added: 0x0000024ddb810b50
Event: 185.122 Thread 0x0000024dda8b96c0 Thread exited: 0x0000024dda8b96c0
Event: 212.001 Thread 0x0000024dd86fb7f0 Thread added: 0x0000024ddc74d2a0
Event: 212.005 Thread 0x0000024dd86fb7f0 Thread added: 0x0000024ddc74dfc0
Event: 212.006 Thread 0x0000024dd86fb7f0 Thread added: 0x0000024ddc74cc10
Event: 212.007 Thread 0x0000024dd86fb7f0 Thread added: 0x0000024ddc74c580
Event: 212.009 Thread 0x0000024dd86fb7f0 Thread added: 0x0000024ddc74e650
Event: 212.010 Thread 0x0000024dd86fb7f0 Thread added: 0x0000024ddc74f370
Event: 212.010 Thread 0x0000024dd86fb7f0 Thread added: 0x0000024ddc74bef0
Event: 212.010 Thread 0x0000024dd86fb7f0 Thread added: 0x0000024ddc74ece0
Event: 212.010 Thread 0x0000024dd86fb7f0 Thread added: 0x0000024ddc750090
Event: 212.011 Thread 0x0000024dd86fb7f0 Thread added: 0x0000024ddc74d930


Dynamic libraries:
0x00007ff6a75f0000 - 0x00007ff6a75fa000 	C:\Program Files\Android\Android Studio1\jbr\bin\java.exe
0x00007ffee21e0000 - 0x00007ffee2446000 	C:\WINDOWS\SYSTEM32\ntdll.dll
0x00007ffee10f0000 - 0x00007ffee11b9000 	C:\WINDOWS\System32\KERNEL32.DLL
0x00007ffedf730000 - 0x00007ffedfb2a000 	C:\WINDOWS\System32\KERNELBASE.dll
0x00007ffedf470000 - 0x00007ffedf5bc000 	C:\WINDOWS\System32\ucrtbase.dll
0x00007ffeb0e40000 - 0x00007ffeb0e5b000 	C:\Program Files\Android\Android Studio1\jbr\bin\VCRUNTIME140.dll
0x00007ffeab250000 - 0x00007ffeab268000 	C:\Program Files\Android\Android Studio1\jbr\bin\jli.dll
0x00007ffee0a60000 - 0x00007ffee0c27000 	C:\WINDOWS\System32\USER32.dll
0x00007ffec41c0000 - 0x00007ffec4452000 	C:\WINDOWS\WinSxS\amd64_microsoft.windows.common-controls_6595b64144ccf1df_6.0.26100.8521_none_3e08b75ce33403b3\COMCTL32.dll
0x00007ffedff20000 - 0x00007ffedff47000 	C:\WINDOWS\System32\win32u.dll
0x00007ffee1330000 - 0x00007ffee135b000 	C:\WINDOWS\System32\GDI32.dll
0x00007ffedff50000 - 0x00007ffedfff9000 	C:\WINDOWS\System32\msvcrt.dll
0x00007ffedfb30000 - 0x00007ffedfc5b000 	C:\WINDOWS\System32\gdi32full.dll
0x00007ffedf5c0000 - 0x00007ffedf663000 	C:\WINDOWS\System32\msvcp_win.dll
0x00007ffee10b0000 - 0x00007ffee10e2000 	C:\WINDOWS\System32\IMM32.DLL
0x00007ffecd680000 - 0x00007ffecd68c000 	C:\Program Files\Android\Android Studio1\jbr\bin\vcruntime140_1.dll
0x00007ffea02b0000 - 0x00007ffea033d000 	C:\Program Files\Android\Android Studio1\jbr\bin\msvcp140.dll
0x00007ffe6f0c0000 - 0x00007ffe6fd56000 	C:\Program Files\Android\Android Studio1\jbr\bin\server\jvm.dll
0x00007ffee1b60000 - 0x00007ffee1c16000 	C:\WINDOWS\System32\ADVAPI32.dll
0x00007ffee1d60000 - 0x00007ffee1e0a000 	C:\WINDOWS\System32\sechost.dll
0x00007ffee2080000 - 0x00007ffee2198000 	C:\WINDOWS\System32\RPCRT4.dll
0x00007ffee1e10000 - 0x00007ffee1e90000 	C:\WINDOWS\System32\WS2_32.dll
0x00007ffedf2d0000 - 0x00007ffedf32e000 	C:\WINDOWS\SYSTEM32\POWRPROF.dll
0x00007ffed57e0000 - 0x00007ffed5816000 	C:\WINDOWS\SYSTEM32\WINMM.dll
0x00007ffec8ff0000 - 0x00007ffec8ffb000 	C:\WINDOWS\SYSTEM32\VERSION.dll
0x00007ffedf2b0000 - 0x00007ffedf2c4000 	C:\WINDOWS\SYSTEM32\UMPDC.dll
0x00007ffede1d0000 - 0x00007ffede1eb000 	C:\WINDOWS\SYSTEM32\kernel.appcore.dll
0x00007ffec3d30000 - 0x00007ffec3d3a000 	C:\Program Files\Android\Android Studio1\jbr\bin\jimage.dll
0x00007ffedc7f0000 - 0x00007ffedca32000 	C:\WINDOWS\SYSTEM32\DBGHELP.DLL
0x00007ffee0c30000 - 0x00007ffee0fb3000 	C:\WINDOWS\System32\combase.dll
0x00007ffee03a0000 - 0x00007ffee0479000 	C:\WINDOWS\System32\OLEAUT32.dll
0x00007ffeaebe0000 - 0x00007ffeaec1b000 	C:\WINDOWS\SYSTEM32\dbgcore.DLL
0x00007ffedfe70000 - 0x00007ffedff18000 	C:\WINDOWS\System32\bcryptPrimitives.dll
0x00007ffeb3200000 - 0x00007ffeb320e000 	C:\Program Files\Android\Android Studio1\jbr\bin\instrument.dll
0x00007ffeafd40000 - 0x00007ffeafd60000 	C:\Program Files\Android\Android Studio1\jbr\bin\java.dll
0x00007ffeafb90000 - 0x00007ffeafba8000 	C:\Program Files\Android\Android Studio1\jbr\bin\zip.dll
0x00007ffee1360000 - 0x00007ffee1ae4000 	C:\WINDOWS\System32\SHELL32.dll
0x00007ffedcff0000 - 0x00007ffedd870000 	C:\WINDOWS\SYSTEM32\windows.storage.dll
0x00007ffee0000000 - 0x00007ffee00f6000 	C:\WINDOWS\System32\SHCORE.dll
0x00007ffee0fc0000 - 0x00007ffee1027000 	C:\WINDOWS\System32\shlwapi.dll
0x00007ffedf390000 - 0x00007ffedf3b9000 	C:\WINDOWS\SYSTEM32\profapi.dll
0x00007ffeb7840000 - 0x00007ffeb7850000 	C:\Program Files\Android\Android Studio1\jbr\bin\net.dll
0x00007ffed0680000 - 0x00007ffed07a9000 	C:\WINDOWS\SYSTEM32\WINHTTP.dll
0x00007ffede720000 - 0x00007ffede78c000 	C:\WINDOWS\system32\mswsock.dll
0x00007ffeaf970000 - 0x00007ffeaf986000 	C:\Program Files\Android\Android Studio1\jbr\bin\nio.dll
0x00007ffec20f0000 - 0x00007ffec2100000 	C:\Program Files\Android\Android Studio1\jbr\bin\verify.dll
0x00007ffeafe10000 - 0x00007ffeafe37000 	C:\Users\Eulelr\.gradle\native\c067742578af261105cb4f569cf0c3c89f3d7b1fecec35dd04571415982c5e48\windows-amd64\native-platform.dll
0x00007ffe9f150000 - 0x00007ffe9f294000 	C:\Users\Eulelr\.gradle\native\38dada09dfb8b06ba9b0570ebf7e218e3eb74d4ef43ca46872605cf95ebc2f47\windows-amd64\native-platform-file-events.dll
0x00007ffeb5cf0000 - 0x00007ffeb5cf9000 	C:\Program Files\Android\Android Studio1\jbr\bin\management.dll
0x00007ffeb3b90000 - 0x00007ffeb3b9b000 	C:\Program Files\Android\Android Studio1\jbr\bin\management_ext.dll
0x00007ffee0920000 - 0x00007ffee0928000 	C:\WINDOWS\System32\PSAPI.DLL
0x00007ffede9c0000 - 0x00007ffede9db000 	C:\WINDOWS\SYSTEM32\CRYPTSP.dll
0x00007ffede130000 - 0x00007ffede169000 	C:\WINDOWS\system32\rsaenh.dll
0x00007ffede7d0000 - 0x00007ffede803000 	C:\WINDOWS\SYSTEM32\USERENV.dll
0x00007ffedf360000 - 0x00007ffedf38a000 	C:\WINDOWS\SYSTEM32\bcrypt.dll
0x00007ffede9e0000 - 0x00007ffede9ec000 	C:\WINDOWS\SYSTEM32\CRYPTBASE.dll
0x00007ffeddc50000 - 0x00007ffeddc83000 	C:\WINDOWS\SYSTEM32\IPHLPAPI.DLL
0x00007ffee0910000 - 0x00007ffee091a000 	C:\WINDOWS\System32\NSI.dll
0x00007ffeb6000000 - 0x00007ffeb6009000 	C:\Program Files\Android\Android Studio1\jbr\bin\extnet.dll
0x00007ffeb4ed0000 - 0x00007ffeb4ed8000 	C:\WINDOWS\system32\wshunix.dll
0x00007ffeddd20000 - 0x00007ffedde6a000 	C:\WINDOWS\SYSTEM32\DNSAPI.dll
0x00007ffede540000 - 0x00007ffede54d000 	C:\WINDOWS\SYSTEM32\DSPARSE.dll
0x000000006a170000 - 0x000000006a196000 	C:\Program Files\Bonjour\mdnsNSP.dll
0x00007ffecd640000 - 0x00007ffecd64b000 	C:\Windows\System32\rasadhlp.dll
0x00007ffed7860000 - 0x00007ffed78e6000 	C:\WINDOWS\System32\fwpuclnt.dll
0x00007ffec9370000 - 0x00007ffec9388000 	C:\WINDOWS\system32\napinsp.dll
0x00007ffec4130000 - 0x00007ffec4143000 	C:\WINDOWS\System32\winrnr.dll
0x00007ffecf650000 - 0x00007ffecf666000 	C:\WINDOWS\system32\wshbth.dll
0x00007ffeabe80000 - 0x00007ffeabea2000 	C:\WINDOWS\system32\nlansp_c.dll

JVMTI agents:
C:\Users\Eulelr\.gradle\wrapper\dists\gradle-8.7-bin\bhs2wmbdwecv87pi65oeuq5iu\gradle-8.7\lib\agents\gradle-instrumentation-agent-8.7.jar path:C:\Program Files\Android\Android Studio1\jbr\bin\instrument.dll, loaded, initialized, instrumentlib options:none

dbghelp: loaded successfully - version: 4.0.5 - missing functions: none
symbol engine: initialized successfully - sym options: 0x614 - pdb path: .;C:\Program Files\Android\Android Studio1\jbr\bin;C:\WINDOWS\SYSTEM32;C:\WINDOWS\WinSxS\amd64_microsoft.windows.common-controls_6595b64144ccf1df_6.0.26100.8521_none_3e08b75ce33403b3;C:\Program Files\Android\Android Studio1\jbr\bin\server;C:\Users\Eulelr\.gradle\native\c067742578af261105cb4f569cf0c3c89f3d7b1fecec35dd04571415982c5e48\windows-amd64;C:\Users\Eulelr\.gradle\native\38dada09dfb8b06ba9b0570ebf7e218e3eb74d4ef43ca46872605cf95ebc2f47\windows-amd64;C:\Program Files\Bonjour

VM Arguments:
jvm_args: --add-opens=java.base/java.util=ALL-UNNAMED --add-opens=java.base/java.lang=ALL-UNNAMED --add-opens=java.base/java.lang.invoke=ALL-UNNAMED --add-opens=java.prefs/java.util.prefs=ALL-UNNAMED --add-opens=java.base/java.nio.charset=ALL-UNNAMED --add-opens=java.base/java.net=ALL-UNNAMED --add-opens=java.base/java.util.concurrent.atomic=ALL-UNNAMED -Xmx2048m -Dfile.encoding=UTF-8 -Duser.country=BR -Duser.language=pt -Duser.variant -javaagent:C:\Users\Eulelr\.gradle\wrapper\dists\gradle-8.7-bin\bhs2wmbdwecv87pi65oeuq5iu\gradle-8.7\lib\agents\gradle-instrumentation-agent-8.7.jar 
java_command: org.gradle.launcher.daemon.bootstrap.GradleDaemon 8.7
java_class_path (initial): C:\Users\Eulelr\.gradle\wrapper\dists\gradle-8.7-bin\bhs2wmbdwecv87pi65oeuq5iu\gradle-8.7\lib\gradle-launcher-8.7.jar
Launcher Type: SUN_STANDARD

[Global flags]
     intx CICompilerCount                          = 4                                         {product} {ergonomic}
     uint ConcGCThreads                            = 3                                         {product} {ergonomic}
     uint G1ConcRefinementThreads                  = 10                                        {product} {ergonomic}
   size_t G1HeapRegionSize                         = 1048576                                   {product} {ergonomic}
    uintx GCDrainStackTargetSize                   = 64                                        {product} {ergonomic}
   size_t InitialHeapSize                          = 130023424                                 {product} {ergonomic}
   size_t MarkStackSize                            = 4194304                                   {product} {ergonomic}
   size_t MaxHeapSize                              = 2147483648                                {product} {command line}
   size_t MaxNewSize                               = 1287651328                                {product} {ergonomic}
   size_t MinHeapDeltaBytes                        = 1048576                                   {product} {ergonomic}
   size_t MinHeapSize                              = 8388608                                   {product} {ergonomic}
    uintx NonNMethodCodeHeapSize                   = 5839372                                {pd product} {ergonomic}
    uintx NonProfiledCodeHeapSize                  = 122909434                              {pd product} {ergonomic}
    uintx ProfiledCodeHeapSize                     = 122909434                              {pd product} {ergonomic}
    uintx ReservedCodeCacheSize                    = 251658240                              {pd product} {ergonomic}
     bool SegmentedCodeCache                       = true                                      {product} {ergonomic}
   size_t SoftMaxHeapSize                          = 2147483648                             {manageable} {ergonomic}
     bool UseCompressedOops                        = true                           {product lp64_product} {ergonomic}
     bool UseG1GC                                  = true                                      {product} {ergonomic}
     bool UseLargePagesIndividualAllocation        = false                                  {pd product} {ergonomic}

Logging:
Log output configuration:
 #0: stdout all=warning uptime,level,tags foldmultilines=false
 #1: stderr all=off uptime,level,tags foldmultilines=false

Release file:
JAVA_VERSION="21.0.10" 
MODULES="java.base java.compiler java.datatransfer java.xml java.prefs java.desktop java.instrument java.logging java.management java.security.sasl java.naming java.rmi java.management.rmi java.net.http java.scripting java.security.jgss java.transaction.xa java.sql java.sql.rowset java.xml.crypto java.se java.smartcardio jdk.accessibility jdk.internal.jvmstat jdk.attach jdk.charsets jdk.internal.opt jdk.zipfs jdk.compiler jdk.crypto.ec jdk.crypto.cryptoki jdk.dynalink jdk.hotspot.agent jdk.httpserver jdk.internal.ed jdk.internal.le jdk.internal.vm.ci jdk.jartool jdk.javadoc jdk.jcmd jdk.jdeps jdk.jdwp.agent jdk.jdi jdk.jfr jdk.jlink jdk.jsobject jdk.localedata jdk.management jdk.management.agent jdk.management.jfr jdk.naming.dns jdk.naming.rmi jdk.net jdk.sctp jdk.security.auth jdk.security.jgss jdk.unsupported jdk.unsupported.desktop jdk.xml.dom" 
IMPLEMENTOR="JetBrains s.r.o." 
JAVA_RUNTIME_VERSION="21.0.10+-14961533-b1163.108" 
LIBC="default" 
OS_ARCH="x86_64" 
OS_NAME="Windows" 
SOURCE=".:git:1351622c2ff2" 

Environment Variables:
PATH=C:\ffmpeg\bin;C:\Program Files\Common Files\Oracle\Java\javapath;C:\Program Files (x86)\Common Files\Oracle\Java\java8path;C:\Program Files (x86)\Common Files\Oracle\Java\javapath;C:\WINDOWS\system32;C:\WINDOWS;C:\WINDOWS\System32\Wbem;C:\WINDOWS\System32\WindowsPowerShell\v1.0\;C:\WINDOWS\System32\OpenSSH\;C:\HaxeToolkit\haxe;C:\HaxeToolkit\neko;C:\Program Files\Git\cmd;C:\Program Files\dotnet\;C:\Program Files\nodejs\;C:\Program Files\Cloudflare\Cloudflare WARP\;C:\Users\Eulelr\Documents\Commands;C:\Users\Eulelr\AppData\Local\Programs\Python\Python314\Scripts\;C:\Users\Eulelr\AppData\Local\Programs\Python\Python314\;C:\Users\Eulelr\AppData\Local\Microsoft\WindowsApps;C:\Users\Eulelr\AppData\Local\Programs\Microsoft VS Code\bin;C:\Users\Eulelr\AppData\Roaming\npm;C:\Users\Eulelr\AppData\Local\GitHubDesktop\bin;C:\ffmpeg\bin;C:\Users\Eulelr\.dotnet\tools;C:\Users\Eulelr\AppData\Local\spicetify;C:\Users\Eulelr\.dotnet\tools;C:\Users\Eulelr\AppData\Local\Programs\cursor\resources\app\bin
USERNAME=Eulelr
OS=Windows_NT
PROCESSOR_IDENTIFIER=Intel64 Family 6 Model 154 Stepping 3, GenuineIntel
TMP=C:\Users\Eulelr\AppData\Local\Temp
TEMP=C:\Users\Eulelr\AppData\Local\Temp




Periodic native trim disabled

JNI global refs:
JNI global refs: 29, weak refs: 2

JNI global refs memory usage: 835, weak refs: 833

Process memory usage:
Resident Set Size: 84752K (1% of 8085560K total physical memory with 132396K free physical memory)

OOME stack traces (most recent first):
Classloader memory used:
Loader org.gradle.internal.classloader.VisitableURLClassLoader                         : 40581K
Loader bootstrap                                                                       : 35287K
Loader org.gradle.internal.classloader.VisitableURLClassLoader$InstrumentingVisitableURLClassLoader: 31165K
Loader org.gradle.initialization.MixInLegacyTypesClassLoader                           : 14137K
Loader org.gradle.internal.classloader.VisitableURLClassLoader                         : 6170K
Loader jdk.internal.loader.ClassLoaders$PlatformClassLoader                            : 840K
Loader jdk.internal.reflect.DelegatingClassLoader                                      : 423K
Loader jdk.internal.loader.ClassLoaders$AppClassLoader                                 : 230K
Loader org.gradle.groovy.scripts.internal.DefaultScriptCompilationHandler$ScriptClassLoader: 90632B
Loader org.codehaus.groovy.runtime.callsite.CallSiteClassLoader                        : 45480B

Classes loaded by more than one classloader:
Class Program                                                                         : loaded 5 times (x 72B)
Class com.google.common.collect.UnmodifiableIterator                                  : loaded 4 times (x 80B)
Class com.google.common.collect.Iterators                                             : loaded 4 times (x 71B)
Class com.google.common.collect.ImmutableList                                         : loaded 4 times (x 206B)
Class com.google.common.collect.Lists$StringAsImmutableList                           : loaded 4 times (x 207B)
Class com.google.common.collect.AbstractIterator                                      : loaded 4 times (x 82B)
Class com.google.common.collect.PeekingIterator                                       : loaded 4 times (x 70B)
Class com.google.common.collect.UnmodifiableListIterator                              : loaded 4 times (x 95B)
Class com.google.common.base.Preconditions                                            : loaded 4 times (x 71B)
Class com.google.common.collect.AbstractIndexedListIterator                           : loaded 4 times (x 96B)
Class com.google.common.collect.Iterators$MergingIterator                             : loaded 4 times (x 81B)
Class com.google.common.collect.Iterators$1                                           : loaded 4 times (x 81B)
Class com.google.common.collect.Iterators$4                                           : loaded 4 times (x 82B)
Class com.google.common.collect.Iterators$5                                           : loaded 4 times (x 82B)
Class com.google.common.collect.ImmutableCollection                                   : loaded 4 times (x 125B)
Class com.google.common.collect.Lists                                                 : loaded 4 times (x 71B)
Class com.google.common.collect.Iterators$9                                           : loaded 4 times (x 81B)
Class com.google.common.collect.Iterators$ArrayItr                                    : loaded 4 times (x 97B)
Class com.google.common.collect.ImmutableRangeSet$Builder                             : loaded 3 times (x 77B)
Class com.google.common.collect.RegularImmutableList                                  : loaded 3 times (x 212B)
Class com.google.common.base.Function                                                 : loaded 3 times (x 70B)
Class com.google.common.collect.ImmutableList$1                                       : loaded 3 times (x 97B)
Class com.google.common.collect.RegularImmutableSortedSet                             : loaded 3 times (x 299B)
Class com.google.common.collect.RegularImmutableSet                                   : loaded 3 times (x 148B)
Class com.google.common.collect.ImmutableSortedSet                                    : loaded 3 times (x 299B)
Class com.google.common.collect.ImmutableAsList                                       : loaded 3 times (x 209B)
Class org.gradle.internal.Cast                                                        : loaded 3 times (x 71B)
Class org.gradle.api.Action                                                           : loaded 3 times (x 70B)
Class com.google.common.collect.ImmutableSet$CachingAsList                            : loaded 3 times (x 147B)
Class com.google.common.base.Predicate                                                : loaded 3 times (x 70B)
Class com.google.common.collect.AbstractRangeSet                                      : loaded 3 times (x 114B)
Class org.gradle.api.GradleException                                                  : loaded 3 times (x 82B)
Class com.google.common.collect.SortedIterable                                        : loaded 3 times (x 70B)
Class com.google.common.collect.SingletonImmutableSet                                 : loaded 3 times (x 146B)
Class org.gradle.internal.IoActions                                                   : loaded 3 times (x 71B)
Class com.google.common.collect.ImmutableList$ReverseImmutableList                    : loaded 3 times (x 208B)
Class com.google.common.collect.SingletonImmutableList                                : loaded 3 times (x 207B)
Class com.google.common.collect.ImmutableRangeSet$ComplementRanges                    : loaded 3 times (x 207B)
Class com.google.common.base.ExtraObjectsMethodsForWeb                                : loaded 3 times (x 71B)
Class com.google.common.collect.Multimap                                              : loaded 3 times (x 70B)
Class com.google.common.collect.ImmutableSet$RegularSetBuilderImpl                    : loaded 3 times (x 77B)
Class com.google.common.base.Joiner$1                                                 : loaded 3 times (x 80B)
Class com.google.common.base.Joiner$2                                                 : loaded 3 times (x 79B)
Class com.google.common.base.Objects                                                  : loaded 3 times (x 71B)
Class com.google.common.collect.RangeSet                                              : loaded 3 times (x 70B)
Class com.google.common.collect.ImmutableSet$SetBuilderImpl                           : loaded 3 times (x 76B)
Class com.google.common.collect.Range                                                 : loaded 3 times (x 87B)
Class com.google.common.collect.RegularImmutableAsList                                : loaded 3 times (x 216B)
Class com.google.common.collect.ImmutableRangeSet$1                                   : loaded 3 times (x 209B)
Class com.google.common.collect.ImmutableList$Builder                                 : loaded 3 times (x 77B)
Class com.google.common.collect.ImmutableList$SubList                                 : loaded 3 times (x 208B)
Class com.google.common.base.Joiner                                                   : loaded 3 times (x 79B)
Class com.google.common.collect.ImmutableCollection$Builder                           : loaded 3 times (x 76B)
Class com.google.common.collect.ImmutableSet                                          : loaded 3 times (x 145B)
Class com.google.common.collect.ImmutableRangeSet$AsSet                               : loaded 3 times (x 299B)
Class com.google.common.collect.ImmutableRangeSet                                     : loaded 3 times (x 115B)
Class com.google.common.collect.ReverseNaturalOrdering                                : loaded 2 times (x 114B)
Class kotlin.sequences.SequencesKt___SequencesKt                                      : loaded 2 times (x 71B)
Class kotlin.collections.AbstractList$Companion                                       : loaded 2 times (x 71B)
Class org.gradle.internal.classloader.ClassLoaderVisitor                              : loaded 2 times (x 76B)
Class [Lcom.google.common.collect.ImmutableMapEntry;                                  : loaded 2 times (x 69B)
Class org.jetbrains.plugins.gradle.tooling.serialization.internal.IdeaProjectSerializationService: loaded 2 times (x 77B)
Class com.google.common.collect.Ordering                                              : loaded 2 times (x 114B)
Class kotlin.sequences.SequencesKt___SequencesKt$flatMap$2                            : loaded 2 times (x 129B)
Class org.gradle.api.internal.classpath.EffectiveClassPath                            : loaded 2 times (x 90B)
Class com.android.builder.model.v2.models.AndroidDsl                                  : loaded 2 times (x 70B)
Class io.opentelemetry.context.Scope                                                  : loaded 2 times (x 70B)
Class com.google.common.collect.ImmutableEnumMap                                      : loaded 2 times (x 125B)
Class com.google.common.collect.ListMultimap                                          : loaded 2 times (x 70B)
Class kotlin.text.StringsKt__AppendableKt                                             : loaded 2 times (x 71B)
Class org.gradle.tooling.internal.gradle.DefaultProjectIdentifier                     : loaded 2 times (x 86B)
Class com.google.common.collect.Sets$1                                                : loaded 2 times (x 139B)
Class org.objectweb.asm.AnnotationVisitor                                             : loaded 2 times (x 78B)
Class com.google.common.base.Splitter                                                 : loaded 2 times (x 72B)
Class com.intellij.gradle.toolingExtension.impl.model.buildScriptClasspathModel.GradleBuildScriptClasspathSerializationService$ReadContext: loaded 2 times (x 72B)
Class com.google.common.collect.ComparatorOrdering                                    : loaded 2 times (x 115B)
Class org.gradle.api.internal.DefaultClassPathProvider                                : loaded 2 times (x 76B)
Class com.android.builder.model.v2.models.BasicAndroidProject                         : loaded 2 times (x 70B)
Class com.google.common.collect.Sets$2                                                : loaded 2 times (x 139B)
Class kotlin.text.StringsKt__StringNumberConversionsJVMKt                             : loaded 2 times (x 71B)
Class com.google.common.collect.NaturalOrdering                                       : loaded 2 times (x 115B)
Class kotlin.sequences.SequenceScope                                                  : loaded 2 times (x 73B)
Class kotlin.sequences.Sequence                                                       : loaded 2 times (x 70B)
Class [Lorg.gradle.api.internal.ClassPathProvider;                                    : loaded 2 times (x 69B)
Class org.gradle.api.internal.ClassPathProvider                                       : loaded 2 times (x 70B)
Class [Lorg.objectweb.asm.AnnotationVisitor;                                          : loaded 2 times (x 69B)
Class com.google.common.collect.Sets$3                                                : loaded 2 times (x 139B)
Class com.google.common.util.concurrent.AbstractFuture$SafeAtomicHelper               : loaded 2 times (x 79B)
Class com.google.common.cache.LocalCache$LocalLoadingCache                            : loaded 2 times (x 134B)
Class com.google.common.base.AbstractIterator$State                                   : loaded 2 times (x 79B)
Class kotlin.collections.CollectionsKt___CollectionsKt$asSequence$$inlined$Sequence$1 : loaded 2 times (x 75B)
Class org.gradle.internal.service.UnknownServiceException                             : loaded 2 times (x 83B)
Class com.google.common.collect.Sets$4                                                : loaded 2 times (x 139B)
Class org.objectweb.asm.ModuleVisitor                                                 : loaded 2 times (x 81B)
Class com.google.common.cache.LocalCache$Strength$1                                   : loaded 2 times (x 81B)
Class org.jetbrains.kotlin.idea.gradleTooling.model.kapt.KaptGradleModel              : loaded 2 times (x 70B)
Class org.jetbrains.kotlin.idea.gradleTooling.KotlinDslScriptAdditionalTask           : loaded 2 times (x 70B)
Class org.jetbrains.plugins.gradle.model.ClasspathEntryModel                          : loaded 2 times (x 70B)
Class com.google.common.util.concurrent.SettableFuture                                : loaded 2 times (x 114B)
Class com.google.common.cache.LocalCache$Strength$2                                   : loaded 2 times (x 81B)
Class com.intellij.platform.diagnostic.telemetry.rt.context.TelemetryContextGetter    : loaded 2 times (x 75B)
Class org.jetbrains.plugins.gradle.tooling.serialization.GradleExtensionsSerializationService: loaded 2 times (x 77B)
Class org.gradle.api.JavaVersion                                                      : loaded 2 times (x 79B)
Class org.gradle.tooling.model.Dependency                                             : loaded 2 times (x 70B)
Class com.android.builder.model.v2.ide.AbstractArtifact                               : loaded 2 times (x 70B)
Class com.google.common.cache.LocalCache$Strength$3                                   : loaded 2 times (x 81B)
Class com.google.common.collect.MapDifference                                         : loaded 2 times (x 70B)
Class com.google.common.base.Splitter$1                                               : loaded 2 times (x 77B)
Class com.intellij.openapi.externalSystem.model.project.dependencies.ResolutionState  : loaded 2 times (x 79B)
Class kotlin.text.StringsKt__RegexExtensionsJVMKt                                     : loaded 2 times (x 71B)
Class com.google.common.collect.AllEqualOrdering                                      : loaded 2 times (x 114B)
Class kotlin.collections.ArraysKt___ArraysJvmKt                                       : loaded 2 times (x 71B)
Class kotlin.collections.CollectionsKt__CollectionsKt                                 : loaded 2 times (x 71B)
Class org.objectweb.asm.FieldWriter                                                   : loaded 2 times (x 78B)
Class com.google.common.cache.CacheBuilder$NullListener                               : loaded 2 times (x 82B)
Class org.jetbrains.plugins.gradle.model.ExternalLibraryDependency                    : loaded 2 times (x 70B)
Class kotlin.text.Regex$Companion                                                     : loaded 2 times (x 71B)
Class org.gradle.internal.classpath.TransformedClassPath                              : loaded 2 times (x 96B)
Class com.google.common.base.CharMatcher$None                                         : loaded 2 times (x 112B)
Class com.google.common.cache.CacheLoader$FunctionToCacheLoader                       : loaded 2 times (x 75B)
Class org.gradle.internal.classloader.DefaultClassLoaderFactory                       : loaded 2 times (x 82B)
Class com.intellij.util.containers.IntObjectHashMap$ArrayProducer                     : loaded 2 times (x 70B)
Class kotlin.jvm.internal.FunctionReference                                           : loaded 2 times (x 126B)
Class [Lkotlin.coroutines.intrinsics.CoroutineSingletons;                             : loaded 2 times (x 69B)
Class kotlin.jvm.internal.FunctionBase                                                : loaded 2 times (x 70B)
Class kotlin.enums.EnumEntriesList                                                    : loaded 2 times (x 223B)
Class io.opentelemetry.api.GlobalOpenTelemetry                                        : loaded 2 times (x 71B)
Class com.google.common.base.MoreObjects                                              : loaded 2 times (x 71B)
Class kotlin.comparisons.ComparisonsKt___ComparisonsJvmKt                             : loaded 2 times (x 71B)
Class kotlin.collections.CollectionsKt__IteratorsJVMKt                                : loaded 2 times (x 71B)
Class com.android.builder.model.v2.ide.TestInfo$Execution                             : loaded 2 times (x 79B)
Class [Lorg.objectweb.asm.Type;                                                       : loaded 2 times (x 69B)
Class com.google.common.collect.Platform                                              : loaded 2 times (x 71B)
Class org.jetbrains.kotlin.idea.gradleTooling.AndroidAwareGradleModelProvider$Companion: loaded 2 times (x 71B)
Class org.jetbrains.kotlin.idea.gradleTooling.KotlinSourceSetContainer                : loaded 2 times (x 70B)
Class io.opentelemetry.context.ContextStorageWrappers                                 : loaded 2 times (x 71B)
Class io.opentelemetry.context.propagation.DefaultContextPropagators                  : loaded 2 times (x 75B)
Class org.jetbrains.plugins.gradle.model.IntelliJSettings                             : loaded 2 times (x 70B)
Class kotlin.Result                                                                   : loaded 2 times (x 72B)
Class org.gradle.internal.service.ServiceLocator                                      : loaded 2 times (x 70B)
Class com.google.common.base.Ascii                                                    : loaded 2 times (x 71B)
Class com.google.common.collect.SingletonImmutableBiMap                               : loaded 2 times (x 143B)
Class com.google.common.cache.LocalCache$1                                            : loaded 2 times (x 89B)
Class com.google.common.collect.AbstractMapEntry                                      : loaded 2 times (x 81B)
Class com.intellij.gradle.toolingExtension.util.GradleVersionUtil                     : loaded 2 times (x 71B)
Class com.google.common.collect.Iterators$SingletonIterator                           : loaded 2 times (x 81B)
Class com.android.ide.gradle.model.GradlePropertiesModel                              : loaded 2 times (x 70B)
Class kotlin.sequences.TransformingSequence$iterator$1                                : loaded 2 times (x 79B)
Class kotlin.Pair                                                                     : loaded 2 times (x 72B)
Class org.gradle.tooling.internal.adapter.ProtocolToModelAdapter$SupportedPropertyInvoker: loaded 2 times (x 76B)
Class org.gradle.tooling.model.UnsupportedMethodException                             : loaded 2 times (x 82B)
Class com.android.builder.model.v2.ide.BytecodeTransformation                         : loaded 2 times (x 79B)
Class com.google.common.base.Platform$JdkPatternCompiler                              : loaded 2 times (x 75B)
Class com.google.common.cache.LocalCache$2                                            : loaded 2 times (x 142B)
Class com.google.common.collect.AbstractMultimap                                      : loaded 2 times (x 123B)
Class kotlin.collections.CollectionsKt__MutableCollectionsKt                          : loaded 2 times (x 71B)
Class com.android.builder.model.v2.ide.CodeShrinker                                   : loaded 2 times (x 79B)
Class com.google.common.base.Suppliers                                                : loaded 2 times (x 71B)
Class com.google.common.util.concurrent.AbstractFuture$UnsafeAtomicHelper$1           : loaded 2 times (x 76B)
Class [Lcom.google.common.cache.CacheBuilder$OneWeigher;                              : loaded 2 times (x 69B)
Class io.opentelemetry.api.trace.SpanContext                                          : loaded 2 times (x 70B)
Class io.opentelemetry.api.trace.DefaultTracer$NoopSpanBuilder                        : loaded 2 times (x 91B)
Class org.jetbrains.plugins.gradle.tooling.serialization.AnnotationProcessingModelSerializationService$WriteContext: loaded 2 times (x 72B)
Class kotlin.io.TerminateException                                                    : loaded 2 times (x 82B)
Class kotlin.io.FilesKt__FilePathComponentsKt                                         : loaded 2 times (x 71B)
Class kotlin.reflect.KCallable                                                        : loaded 2 times (x 70B)
Class org.objectweb.asm.MethodTooLargeException                                       : loaded 2 times (x 83B)
Class com.google.common.util.concurrent.AbstractFuture$Trusted                        : loaded 2 times (x 70B)
Class org.gradle.internal.operations.MultipleBuildOperationFailures                   : loaded 2 times (x 95B)
Class com.google.common.base.CharMatcher$RangesMatcher                                : loaded 2 times (x 112B)
Class com.intellij.compose.ide.plugin.gradleTooling.rt.ComposeResourcesModel          : loaded 2 times (x 70B)
Class com.intellij.gradle.toolingExtension.impl.util.collectionUtil.GradleCollections : loaded 2 times (x 71B)
Class org.jetbrains.plugins.gradle.tooling.serialization.ProjectDependenciesSerializationService$WriteContext: loaded 2 times (x 72B)
Class org.jetbrains.plugins.gradle.tooling.serialization.ProjectDependenciesSerializationService: loaded 2 times (x 77B)
Class sync_studio_tooling11_2oxi05fxzr7woa8q3gcfucwv                                  : loaded 2 times (x 179B)
Class kotlin.text.CharsKt                                                             : loaded 2 times (x 71B)
Class org.gradle.tooling.model.kotlin.dsl.KotlinDslScriptModel                        : loaded 2 times (x 70B)
Class org.gradle.tooling.internal.adapter.CollectionMapper                            : loaded 2 times (x 73B)
Class com.google.common.util.concurrent.UncheckedExecutionException                   : loaded 2 times (x 82B)
Class org.gradle.tooling.internal.adapter.MethodInvocation                            : loaded 2 times (x 85B)
Class io.opentelemetry.api.trace.DefaultTracerProvider                                : loaded 2 times (x 79B)
Class com.google.common.collect.ExplicitOrdering                                      : loaded 2 times (x 115B)
Class com.google.common.collect.ImmutableSortedSetFauxverideShim                      : loaded 2 times (x 147B)
Class com.google.common.base.CharMatcher$JavaLetterOrDigit                            : loaded 2 times (x 111B)
Class org.jetbrains.plugins.gradle.ExternalDependencyId                               : loaded 2 times (x 70B)
Class gnu.trove.THash                                                                 : loaded 2 times (x 81B)
Class com.intellij.gradle.toolingExtension.impl.model.buildScriptClasspathModel.GradleBuildScriptClasspathSerializationService$WriteContext: loaded 2 times (x 72B)
Class org.gradle.tooling.internal.adapter.ProtocolToModelAdapter                      : loaded 2 times (x 80B)
Class org.gradle.internal.InternalTransformer                                         : loaded 2 times (x 70B)
Class com.android.builder.model.v2.ide.AndroidGradlePluginProjectFlags$BooleanFlag    : loaded 2 times (x 79B)
Class org.objectweb.asm.ClassWriter                                                   : loaded 2 times (x 106B)
Class com.google.common.cache.CacheLoader$UnsupportedLoadingOperationException        : loaded 2 times (x 82B)
Class com.google.common.base.CharMatcher$And                                          : loaded 2 times (x 112B)
Class [Lio.opentelemetry.context.ThreadLocalContextStorage$NoopScope;                 : loaded 2 times (x 69B)
Class io.opentelemetry.context.ThreadLocalContextStorage$NoopScope                    : loaded 2 times (x 85B)
Class kotlin.collections.MapsKt__MapsJVMKt                                            : loaded 2 times (x 71B)
Class kotlin.collections.EmptyList                                                    : loaded 2 times (x 174B)
Class org.gradle.internal.time.DefaultTimer                                           : loaded 2 times (x 80B)
Class org.gradle.internal.classloader.ClasspathUtil$1                                 : loaded 2 times (x 76B)
Class kotlin.sequences.TransformingSequence                                           : loaded 2 times (x 75B)
Class org.objectweb.asm.FieldVisitor                                                  : loaded 2 times (x 77B)
Class com.google.common.collect.IndexedImmutableSet                                   : loaded 2 times (x 150B)
Class com.google.common.collect.ImmutableMap$1                                        : loaded 2 times (x 81B)
Class com.google.common.collect.BiMap                                                 : loaded 2 times (x 70B)
Class io.opentelemetry.context.ImplicitContextKeyed                                   : loaded 2 times (x 70B)
Class org.gradle.tooling.internal.adapter.ProtocolToModelAdapter$ViewKey              : loaded 2 times (x 72B)
Class org.gradle.api.internal.classpath.DefaultModuleRegistry$DefaultModule           : loaded 2 times (x 86B)
Class com.android.builder.model.v2.CustomSourceDirectory                              : loaded 2 times (x 70B)
Class com.google.common.primitives.Ints                                               : loaded 2 times (x 71B)
Class io.opentelemetry.api.internal.OtelEncodingUtils                                 : loaded 2 times (x 71B)
Class io.opentelemetry.context.DefaultContextKey                                      : loaded 2 times (x 72B)
Class com.google.common.collect.NullsFirstOrdering                                    : loaded 2 times (x 115B)
Class kotlin.ResultKt                                                                 : loaded 2 times (x 71B)
Class org.gradle.tooling.internal.adapter.ProtocolToModelAdapter$PropertyCachingMethodInvoker: loaded 2 times (x 76B)
Class com.android.builder.model.v2.models.ProjectSyncIssues                           : loaded 2 times (x 70B)
Class com.google.common.math.MathPreconditions                                        : loaded 2 times (x 71B)
Class com.google.common.collect.Multiset                                              : loaded 2 times (x 70B)
Class com.google.common.collect.ArrayListMultimapGwtSerializationDependencies         : loaded 2 times (x 172B)
Class com.google.common.collect.ObjectArrays                                          : loaded 2 times (x 71B)
Class org.objectweb.asm.ClassVisitor                                                  : loaded 2 times (x 88B)
Class org.jetbrains.plugins.gradle.model.ExternalTask                                 : loaded 2 times (x 70B)
Class io.opentelemetry.api.internal.IncubatingUtil                                    : loaded 2 times (x 71B)
Class io.opentelemetry.api.GlobalOpenTelemetry$ObfuscatedOpenTelemetry                : loaded 2 times (x 92B)
Class kotlin.collections.ArraysKt__ArraysKt                                           : loaded 2 times (x 71B)
Class kotlin.Result$Failure                                                           : loaded 2 times (x 72B)
Class org.gradle.internal.time.DefaultCountdownTimer                                  : loaded 2 times (x 88B)
Class com.google.common.collect.ImmutableMapEntrySet                                  : loaded 2 times (x 151B)
Class org.jetbrains.plugins.gradle.model.GradleTaskModel                              : loaded 2 times (x 70B)
Class org.jetbrains.plugins.gradle.tooling.util.ObjectCollector                       : loaded 2 times (x 72B)
Class kotlin.collections.SetsKt__SetsJVMKt                                            : loaded 2 times (x 71B)
Class kotlin.Function                                                                 : loaded 2 times (x 70B)
Class org.gradle.tooling.internal.adapter.ProtocolToModelAdapter$AdaptingMethodInvoker: loaded 2 times (x 76B)
Class org.gradle.tooling.internal.gradle.DefaultBuildIdentifier                       : loaded 2 times (x 79B)
Class org.gradle.api.internal.classpath.Module                                        : loaded 2 times (x 70B)
Class com.google.common.cache.Weigher                                                 : loaded 2 times (x 70B)
Class com.intellij.openapi.externalSystem.model.project.IExternalSystemSourceType     : loaded 2 times (x 70B)
Class kotlin.io.FileAlreadyExistsException                                            : loaded 2 times (x 82B)
Class kotlin.internal.ProgressionUtilKt                                               : loaded 2 times (x 71B)
Class org.gradle.api.internal.classpath.UnknownModuleException                        : loaded 2 times (x 82B)
Class org.gradle.cache.GlobalCache                                                    : loaded 2 times (x 70B)
Class com.google.common.base.Stopwatch                                                : loaded 2 times (x 72B)
Class com.google.common.cache.LocalCache$Strength                                     : loaded 2 times (x 81B)
Class com.google.common.cache.Cache                                                   : loaded 2 times (x 70B)
Class com.google.gson.stream.JsonReader$1                                             : loaded 2 times (x 72B)
Class io.opentelemetry.api.trace.TraceStateBuilder                                    : loaded 2 times (x 70B)
Class com.intellij.openapi.externalSystem.model.project.dependencies.ProjectDependencies: loaded 2 times (x 70B)
Class org.jetbrains.plugins.gradle.tooling.serialization.ProjectDependenciesSerializationService$ReadContext: loaded 2 times (x 72B)
Class com.google.common.util.concurrent.AbstractFuture$Cancellation                   : loaded 2 times (x 72B)
Class com.google.common.collect.ImmutableMap$Builder                                  : loaded 2 times (x 82B)
Class com.google.common.base.NullnessCasts                                            : loaded 2 times (x 71B)
Class com.google.common.cache.RemovalListener                                         : loaded 2 times (x 70B)
Class org.jetbrains.plugins.gradle.tooling.serialization.RepositoriesModelSerializationService: loaded 2 times (x 82B)
Class com.android.ide.gradle.model.artifacts.AdditionalClassifierArtifactsModel       : loaded 2 times (x 70B)
Class org.gradle.tooling.internal.gradle.GradleProjectIdentity                        : loaded 2 times (x 70B)
Class org.gradle.api.internal.DefaultClassPathRegistry                                : loaded 2 times (x 76B)
Class com.android.builder.model.v2.ide.JavaArtifact                                   : loaded 2 times (x 70B)
Class com.google.common.primitives.IntsMethodsForWeb                                  : loaded 2 times (x 71B)
Class [Lorg.objectweb.asm.Symbol;                                                     : loaded 2 times (x 69B)
Class io.opentelemetry.api.internal.AutoValue_ImmutableSpanContext                    : loaded 2 times (x 92B)
Class org.jetbrains.plugins.gradle.tooling.serialization.RepositoriesModelSerializationService$ReadContext: loaded 2 times (x 72B)
Class kotlin.ranges.ClosedRange                                                       : loaded 2 times (x 70B)
Class org.gradle.api.internal.ClassPathRegistry                                       : loaded 2 times (x 70B)
Class org.gradle.internal.classpath.DefaultClassPath$ImmutableUniqueList              : loaded 2 times (x 199B)
Class com.android.utils.FileUtils                                                     : loaded 2 times (x 71B)
Class com.intellij.gradle.toolingExtension.impl.model.projectModel.GradleExternalProjectSerializationService$WriteContext: loaded 2 times (x 73B)
Class kotlin.text.StringsKt__StringsJVMKt                                             : loaded 2 times (x 71B)
Class kotlin.collections.IntIterator                                                  : loaded 2 times (x 82B)
Class com.google.common.collect.NullnessCasts                                         : loaded 2 times (x 71B)
Class com.android.builder.model.v2.ide.AaptOptions$Namespacing                        : loaded 2 times (x 79B)
Class com.android.builder.model.v2.dsl.SigningConfig                                  : loaded 2 times (x 70B)
Class com.android.builder.model.v2.models.AndroidProject                              : loaded 2 times (x 70B)
Class com.android.builder.model.v2.AndroidModel                                       : loaded 2 times (x 70B)
Class com.google.common.cache.CacheBuilder                                            : loaded 2 times (x 72B)
Class org.gradle.tooling.internal.adapter.TargetTypeProvider                          : loaded 2 times (x 70B)
Class Settings_gradle$1                                                               : loaded 2 times (x 74B)
Class io.opentelemetry.api.trace.ImmutableTraceFlags                                  : loaded 2 times (x 77B)
Class kotlin.text.StringsKt__IndentKt                                                 : loaded 2 times (x 71B)
Class kotlin.collections.SetsKt                                                       : loaded 2 times (x 71B)
Class org.gradle.internal.classpath.ClassPath                                         : loaded 2 times (x 70B)
Class org.gradle.api.UncheckedIOException                                             : loaded 2 times (x 82B)
Class kotlin.ranges.IntProgression$Companion                                          : loaded 2 times (x 71B)
Class com.google.common.base.JdkPattern                                               : loaded 2 times (x 75B)
Class org.jetbrains.plugins.gradle.model.ExternalProjectDependency                    : loaded 2 times (x 70B)
Class org.jetbrains.plugins.gradle.tooling.serialization.KotlinDslScriptsModelSerializationService: loaded 2 times (x 81B)
Class kotlin.reflect.KFunction                                                        : loaded 2 times (x 70B)
Class kotlin.collections.ArrayDeque                                                   : loaded 2 times (x 207B)
Class org.objectweb.asm.SymbolTable$Entry                                             : loaded 2 times (x 74B)
Class com.google.common.util.concurrent.AbstractFuture$AtomicHelper                   : loaded 2 times (x 78B)
Class com.google.gson.internal.JsonReaderInternalAccess                               : loaded 2 times (x 72B)
Class org.jetbrains.kotlin.idea.gradleTooling.KotlinGradleModel                       : loaded 2 times (x 70B)
Class [Lio.opentelemetry.api.trace.TraceFlags;                                        : loaded 2 times (x 69B)
Class [Lio.opentelemetry.context.ContextStorage;                                      : loaded 2 times (x 69B)
Class com.intellij.platform.diagnostic.telemetry.rt.context.TelemetryContext          : loaded 2 times (x 134B)
Class org.jetbrains.plugins.gradle.tooling.serialization.ExternalTestsSerializationService$WriteContext: loaded 2 times (x 72B)
Class kotlin.collections.MapsKt__MapsKt                                               : loaded 2 times (x 71B)
Class com.android.builder.model.v2.ide.Variant                                        : loaded 2 times (x 70B)
Class org.objectweb.asm.Edge                                                          : loaded 2 times (x 72B)
Class com.google.common.base.Suppliers$SupplierOfInstance                             : loaded 2 times (x 79B)
Class org.jetbrains.plugins.gradle.model.GradleExtensions                             : loaded 2 times (x 70B)
Class io.opentelemetry.context.ThreadLocalContextStorage                              : loaded 2 times (x 85B)
Class org.gradle.tooling.model.Model                                                  : loaded 2 times (x 70B)
Class com.google.common.cache.LocalCache$ComputingValueReference                      : loaded 2 times (x 96B)
Class org.jetbrains.plugins.gradle.model.AnnotationProcessingModel                    : loaded 2 times (x 70B)
Class com.google.common.collect.ImmutableMap$IteratorBasedImmutableMap                : loaded 2 times (x 125B)
Class com.android.ide.gradle.model.composites.BuildMap                                : loaded 2 times (x 70B)
Class kotlin.Metadata                                                                 : loaded 2 times (x 70B)
Class kotlin.UninitializedPropertyAccessException                                     : loaded 2 times (x 82B)
Class com.android.builder.model.v2.models.Versions                                    : loaded 2 times (x 70B)
Class com.google.common.cache.LocalCache$Segment                                      : loaded 2 times (x 154B)
Class io.opentelemetry.context.Context                                                : loaded 2 times (x 70B)
Class org.jetbrains.plugins.gradle.model.IntelliJProjectSettings                      : loaded 2 times (x 70B)
Class org.gradle.tooling.internal.adapter.ProtocolToModelAdapter$MethodInvocationCache: loaded 2 times (x 73B)
Class com.android.builder.model.v2.models.ndk.NativeModule                            : loaded 2 times (x 70B)
Class io.opentelemetry.context.ContextStorageProvider                                 : loaded 2 times (x 70B)
Class [Lorg.objectweb.asm.SymbolTable$Entry;                                          : loaded 2 times (x 69B)
Class com.google.common.cache.CacheLoader                                             : loaded 2 times (x 74B)
Class org.jetbrains.plugins.gradle.model.UnresolvedExternalDependency                 : loaded 2 times (x 70B)
Class com.google.common.collect.ImmutableBiMap                                        : loaded 2 times (x 143B)
Class com.google.common.collect.AbstractListMultimap                                  : loaded 2 times (x 172B)
Class org.jetbrains.plugins.gradle.model.ExternalDependency                           : loaded 2 times (x 70B)
Class com.intellij.util.containers.IntObjectHashMap                                   : loaded 2 times (x 72B)
Class org.gradle.internal.installation.GradleInstallation$1                           : loaded 2 times (x 75B)
Class org.gradle.api.internal.classpath.ModuleRegistry                                : loaded 2 times (x 70B)
Class com.google.common.util.concurrent.internal.InternalFutureFailureAccess          : loaded 2 times (x 72B)
Class com.google.common.collect.ImmutableMap$MapViewOfValuesAsSingletonSets           : loaded 2 times (x 125B)
Class com.google.common.collect.ImmutableSet$JdkBackedSetBuilderImpl                  : loaded 2 times (x 76B)
Class com.google.common.base.Splitter$SplittingIterator                               : loaded 2 times (x 84B)
Class org.jetbrains.plugins.gradle.model.VersionCatalogsModel                         : loaded 2 times (x 70B)
Class com.intellij.gradle.toolingExtension.impl.model.sourceSetDependencyModel.GradleSourceSetDependencySerialisationService$SourceSetDependencyModelReadContext: loaded 2 times (x 72B)
Class com.intellij.gradle.toolingExtension.impl.model.dependencyModel.DependencyReadContext: loaded 2 times (x 72B)
Class org.gradle.tooling.internal.adapter.ObjectGraphAdapter                          : loaded 2 times (x 70B)
Class com.android.builder.model.v2.ide.Installation                                   : loaded 2 times (x 70B)
Class com.google.common.util.concurrent.AbstractFuture$UnsafeAtomicHelper             : loaded 2 times (x 78B)
Class com.google.common.cache.LocalCache$LocalManualCache$1                           : loaded 2 times (x 75B)
Class com.google.common.base.CharMatcher$ForPredicate                                 : loaded 2 times (x 112B)
Class org.jetbrains.plugins.gradle.model.ProjectImportModelProvider                   : loaded 2 times (x 70B)
Class org.jetbrains.plugins.gradle.model.ExternalSourceSet                            : loaded 2 times (x 70B)
Class com.intellij.gradle.toolingExtension.impl.model.warmUp.GradleTaskWarmUpRequest  : loaded 2 times (x 70B)
Class com.android.ide.gradle.model.LegacyAndroidGradlePluginPropertiesModelParameters : loaded 2 times (x 70B)
Class com.google.common.collect.ImmutableSortedAsList                                 : loaded 2 times (x 221B)
Class kotlin.coroutines.intrinsics.IntrinsicsKt__IntrinsicsKt                         : loaded 2 times (x 71B)
Class com.android.builder.model.v2.models.ModelBuilderParameter                       : loaded 2 times (x 70B)
Class com.google.common.collect.RegularImmutableMap                                   : loaded 2 times (x 121B)
Class com.google.common.base.CharMatcher$AnyOf                                        : loaded 2 times (x 112B)
Class com.intellij.gradle.toolingExtension.impl.model.sourceSetArtifactIndex.GradleSourceSetArtifactBuildRequest: loaded 2 times (x 70B)
Class kotlin.io.FilesKt__UtilsKt                                                      : loaded 2 times (x 71B)
Class com.google.common.collect.Lists$TransformingRandomAccessList                    : loaded 2 times (x 199B)
Class kotlin.collections.CollectionsKt__CollectionsJVMKt                              : loaded 2 times (x 71B)
Class org.gradle.api.internal.classpath.DefaultModuleRegistry                         : loaded 2 times (x 86B)
Class com.google.common.util.concurrent.ListenableFuture                              : loaded 2 times (x 70B)
Class com.google.common.cache.ReferenceEntry                                          : loaded 2 times (x 70B)
Class com.google.gson.stream.MalformedJsonException                                   : loaded 2 times (x 82B)
Class com.google.common.base.Converter                                                : loaded 2 times (x 90B)
Class com.android.builder.model.v2.ide.AndroidArtifact                                : loaded 2 times (x 70B)
Class com.google.common.base.CharMatcher$Any                                          : loaded 2 times (x 112B)
Class org.jetbrains.plugins.gradle.tooling.serialization.internal.IdeaProjectSerializationService$WriteContext$1: loaded 2 times (x 83B)
Class org.jetbrains.plugins.gradle.model.ExternalProject                              : loaded 2 times (x 70B)
Class kotlin.sequences.SequencesKt                                                    : loaded 2 times (x 71B)
Class kotlin.collections.CollectionsKt__IteratorsKt                                   : loaded 2 times (x 71B)
Class [Lcom.android.builder.model.v2.ide.CodeShrinker;                                : loaded 2 times (x 69B)
Class com.google.common.util.concurrent.AbstractFuture                                : loaded 2 times (x 106B)
Class com.google.common.base.FunctionalEquivalence                                    : loaded 2 times (x 83B)
Class org.gradle.api.internal.classpath.ManifestUtil                                  : loaded 2 times (x 71B)
Class com.google.common.collect.AbstractMapBasedMultimap                              : loaded 2 times (x 139B)
Class org.gradle.tooling.internal.adapter.ProtocolToModelAdapter$InvocationHandlerImpl: loaded 2 times (x 77B)
Class org.jetbrains.plugins.gradle.tooling.serialization.internal.IdeaProjectSerializationService$WriteContext$2: loaded 2 times (x 83B)
Class kotlin.text.StringsKt                                                           : loaded 2 times (x 71B)
Class org.objectweb.asm.RecordComponentVisitor                                        : loaded 2 times (x 77B)
Class com.google.common.cache.CacheLoader$SupplierToCacheLoader                       : loaded 2 times (x 75B)
Class [Lio.opentelemetry.context.Scope;                                               : loaded 2 times (x 69B)
Class org.jetbrains.plugins.gradle.tooling.serialization.AnnotationProcessingModelSerializationService$ReadContext: loaded 2 times (x 72B)
Class org.jetbrains.plugins.gradle.tooling.serialization.internal.IdeaProjectSerializationService$WriteContext$3: loaded 2 times (x 83B)
Class gnu.trove.TObjectHash$NULL                                                      : loaded 2 times (x 71B)
Class org.gradle.util.internal.DefaultGradleVersion$Stage                             : loaded 2 times (x 75B)
Class kotlin.coroutines.jvm.internal.RestrictedContinuationImpl                       : loaded 2 times (x 87B)
Class com.google.common.collect.Maps$EntryTransformer                                 : loaded 2 times (x 70B)
Class org.jetbrains.kotlin.idea.gradleTooling.AndroidAwareGradleModelProvider         : loaded 2 times (x 79B)
Class com.intellij.gradle.toolingExtension.impl.telemetry.GradleOpenTelemetry         : loaded 2 times (x 72B)
Class org.jetbrains.plugins.gradle.tooling.serialization.internal.IdeaProjectSerializationService$WriteContext$4: loaded 2 times (x 83B)
Class com.intellij.gradle.toolingExtension.impl.model.sourceSetDependencyModel.GradleSourceSetDependencySerialisationService$Companion: loaded 2 times (x 71B)
Class [Lkotlin.Pair;                                                                  : loaded 2 times (x 69B)
Class kotlin.text.StringsKt__StringNumberConversionsKt                                : loaded 2 times (x 71B)
Class kotlin.io.FilesKt__FileReadWriteKt                                              : loaded 2 times (x 71B)
Class com.google.common.collect.UsingToStringOrdering                                 : loaded 2 times (x 114B)
Class kotlin.jvm.internal.markers.KMutableList                                        : loaded 2 times (x 70B)
Class org.gradle.internal.time.MonotonicClock                                         : loaded 2 times (x 77B)
Class org.gradle.internal.service.ServiceLookupException                              : loaded 2 times (x 82B)
Class com.google.common.collect.Lists$ReverseList                                     : loaded 2 times (x 200B)
Class org.gradle.tooling.model.build.GradleEnvironment                                : loaded 2 times (x 70B)
Class [Lcom.google.common.cache.LocalCache$EntryFactory;                              : loaded 2 times (x 69B)
Class com.google.common.base.CharMatcher$JavaLetter                                   : loaded 2 times (x 111B)
Class com.intellij.gradle.toolingExtension.util.GradleVersionSpecificsUtil            : loaded 2 times (x 71B)
Class org.jetbrains.plugins.gradle.tooling.util.IntObjectMap$ObjectFactory            : loaded 2 times (x 70B)
Class org.jetbrains.plugins.gradle.tooling.serialization.internal.IdeaProjectSerializationService$WriteContext$5: loaded 2 times (x 83B)
Class com.intellij.gradle.toolingExtension.impl.model.sourceSetDependencyModel.GradleSourceSetDependencySerialisationService$SourceSetDependencyModelWriteContext: loaded 2 times (x 72B)
Class org.gradle.internal.classloader.ClassLoaderFactory                              : loaded 2 times (x 70B)
Class com.google.common.cache.LocalCache$LocalManualCache                             : loaded 2 times (x 99B)
Class com.google.common.base.CharMatcher$IsNot                                        : loaded 2 times (x 111B)
Class com.google.common.base.CommonPattern                                            : loaded 2 times (x 74B)
Class org.jetbrains.plugins.gradle.tooling.serialization.internal.IdeaProjectSerializationService$WriteContext$6: loaded 2 times (x 83B)
Class org.jetbrains.plugins.gradle.tooling.util.IntObjectMap                          : loaded 2 times (x 73B)
Class org.gradle.internal.service.CachingServiceLocator                               : loaded 2 times (x 82B)
Class [Lio.opentelemetry.api.trace.ImmutableTraceFlags;                               : loaded 2 times (x 69B)
Class com.google.common.math.IntMath                                                  : loaded 2 times (x 71B)
Class org.jetbrains.plugins.gradle.model.RepositoryModels                             : loaded 2 times (x 70B)
Class org.jetbrains.plugins.gradle.tooling.serialization.internal.IdeaProjectSerializationService$WriteContext$7: loaded 2 times (x 83B)
Class kotlin.jvm.internal.CallableReference                                           : loaded 2 times (x 110B)
Class com.google.common.collect.Iterators$10                                          : loaded 2 times (x 81B)
Class com.google.common.collect.ImmutableMapEntry                                     : loaded 2 times (x 85B)
Class com.google.common.base.CharMatcher$JavaDigit                                    : loaded 2 times (x 111B)
Class org.jetbrains.plugins.gradle.tooling.serialization.internal.IdeaProjectSerializationService$WriteContext$8: loaded 2 times (x 83B)
Class gnu.trove.TObjectIntProcedure                                                   : loaded 2 times (x 70B)
Class kotlin.ranges.IntRange                                                          : loaded 2 times (x 93B)
Class org.gradle.tooling.model.idea.IdeaDependencyScope                               : loaded 2 times (x 70B)
Class org.gradle.internal.time.TimeSource                                             : loaded 2 times (x 70B)
Class org.gradle.tooling.model.kotlin.dsl.KotlinDslScriptsModel                       : loaded 2 times (x 70B)
Class com.android.builder.model.v2.ide.TestInfo                                       : loaded 2 times (x 70B)
Class com.google.common.base.Equivalence                                              : loaded 2 times (x 82B)
Class com.google.common.collect.ImmutableMapEntry$NonTerminalImmutableMapEntry        : loaded 2 times (x 85B)
Class com.google.common.util.concurrent.ExecutionError                                : loaded 2 times (x 82B)
Class org.jetbrains.plugins.gradle.tooling.serialization.SerializationService         : loaded 2 times (x 70B)
Class org.gradle.tooling.internal.gradle.GradleBuildIdentity                          : loaded 2 times (x 70B)
Class kotlin.enums.EnumEntries                                                        : loaded 2 times (x 70B)
Class com.android.builder.model.v2.ide.JavaCompileOptions                             : loaded 2 times (x 70B)
Class com.google.common.cache.CacheBuilder$OneWeigher                                 : loaded 2 times (x 82B)
Class com.google.common.collect.ImmutableEnumSet                                      : loaded 2 times (x 146B)
Class org.jetbrains.plugins.gradle.tooling.serialization.internal.adapter.Supplier    : loaded 2 times (x 70B)
Class org.gradle.tooling.internal.adapter.ProtocolToModelAdapter$MixInMappingAction   : loaded 2 times (x 80B)
Class org.gradle.internal.exceptions.ResolutionProvider                               : loaded 2 times (x 70B)
Class com.google.common.collect.ImmutableBiMapFauxverideShim                          : loaded 2 times (x 120B)
Class org.gradle.tooling.model.idea.IdeaCompilerOutput                                : loaded 2 times (x 70B)
Class org.gradle.tooling.model.ProjectIdentifier                                      : loaded 2 times (x 70B)
Class org.gradle.internal.classloader.ClasspathUtil                                   : loaded 2 times (x 71B)
Class org.jetbrains.kotlin.tooling.core.HasExtras                                     : loaded 2 times (x 70B)
Class com.google.common.base.Charsets                                                 : loaded 2 times (x 71B)
Class com.google.common.util.concurrent.Uninterruptibles                              : loaded 2 times (x 71B)
Class com.android.builder.model.v2.ide.ProjectType                                    : loaded 2 times (x 79B)
Class com.intellij.gradle.toolingExtension.impl.model.sourceSetModel.GradleSourceSetSerialisationService: loaded 2 times (x 77B)
Class kotlin.io.FileSystemException                                                   : loaded 2 times (x 82B)
Class com.android.builder.model.v2.dsl.BaseConfig                                     : loaded 2 times (x 70B)
Class com.google.common.collect.Maps                                                  : loaded 2 times (x 71B)
Class com.google.common.base.CharMatcher$JavaUpperCase                                : loaded 2 times (x 111B)
Class io.opentelemetry.context.propagation.TextMapGetter                              : loaded 2 times (x 70B)
Class org.gradle.internal.time.TimeSource$1                                           : loaded 2 times (x 77B)
Class kotlin.jvm.internal.DefaultConstructorMarker                                    : loaded 2 times (x 71B)
Class org.gradle.api.specs.Spec                                                       : loaded 2 times (x 70B)
Class [Lcom.google.common.collect.ImmutableEntry;                                     : loaded 2 times (x 69B)
Class io.opentelemetry.context.ThreadLocalContextStorage$ScopeImpl                    : loaded 2 times (x 79B)
Class com.google.common.cache.LocalCache$LoadingValueReference                        : loaded 2 times (x 96B)
Class com.intellij.gradle.toolingExtension.impl.model.buildScriptClasspathModel.GradleBuildScriptClasspathSerializationService: loaded 2 times (x 77B)
Class com.google.common.base.Platform                                                 : loaded 2 times (x 71B)
Class org.jetbrains.plugins.gradle.model.FileCollectionDependency                     : loaded 2 times (x 70B)
Class io.opentelemetry.api.trace.SpanBuilder                                          : loaded 2 times (x 70B)
Class io.opentelemetry.api.DefaultOpenTelemetry                                       : loaded 2 times (x 89B)
Class com.intellij.gradle.toolingExtension.impl.model.utilDummyModel.DummyModel       : loaded 2 times (x 70B)
Class kotlin.text.StringsKt__RegexExtensionsKt                                        : loaded 2 times (x 71B)
Class kotlin.collections.EmptyIterator                                                : loaded 2 times (x 89B)
Class org.gradle.internal.time.Clock                                                  : loaded 2 times (x 70B)
Class com.android.builder.model.v2.dsl.ProductFlavor                                  : loaded 2 times (x 70B)
Class [Lcom.android.builder.model.v2.ide.TestInfo$Execution;                          : loaded 2 times (x 69B)
Class [Lorg.objectweb.asm.AnnotationWriter;                                           : loaded 2 times (x 69B)
Class com.google.common.primitives.Ints$IntConverter                                  : loaded 2 times (x 90B)
Class com.google.common.collect.Maps$8                                                : loaded 2 times (x 82B)
Class io.opentelemetry.context.propagation.TextMapPropagator                          : loaded 2 times (x 70B)
Class org.jetbrains.plugins.gradle.model.GradleSourceSetDependencyModel               : loaded 2 times (x 70B)
Class com.google.common.collect.CompoundOrdering                                      : loaded 2 times (x 115B)
Class kotlin.sequences.SequencesKt__SequencesJVMKt                                    : loaded 2 times (x 71B)
Class kotlin.coroutines.jvm.internal.RestrictedSuspendLambda                          : loaded 2 times (x 91B)
Class org.gradle.tooling.internal.adapter.TypeInspector                               : loaded 2 times (x 73B)
Class org.gradle.tooling.internal.adapter.ProtocolToModelAdapter$NoOpDecoration       : loaded 2 times (x 79B)
Class org.gradle.tooling.model.Element                                                : loaded 2 times (x 70B)
Class kotlin.collections.AbstractList                                                 : loaded 2 times (x 197B)
Class kotlin.collections.AbstractCollection                                           : loaded 2 times (x 117B)
Class com.google.common.collect.Lists$ReverseList$1                                   : loaded 2 times (x 99B)
Class com.android.builder.model.v2.models.VariantDependenciesAdjacencyList            : loaded 2 times (x 70B)
Class org.jetbrains.kotlin.tooling.core.Extras                                        : loaded 2 times (x 70B)
Class com.google.common.collect.Sets$SetView                                          : loaded 2 times (x 138B)
Class com.google.common.cache.LocalCache$StrongValueReference                         : loaded 2 times (x 90B)
Class com.google.common.util.concurrent.AbstractFuture$SynchronizedHelper             : loaded 2 times (x 78B)
Class com.google.common.base.CharMatcher$Invisible                                    : loaded 2 times (x 112B)
Class io.opentelemetry.context.ArrayBasedContext                                      : loaded 2 times (x 100B)
Class com.intellij.gradle.toolingExtension.impl.model.taskModel.GradleTaskSerialisationService: loaded 2 times (x 76B)
Class com.android.ide.gradle.model.LegacyV1AgpVersionModel                            : loaded 2 times (x 70B)
Class sync_studio_tooling11_2oxi05fxzr7woa8q3gcfucwv$_run_closure1                    : loaded 2 times (x 139B)
Class kotlin.text.StringsKt__StringBuilderJVMKt                                       : loaded 2 times (x 71B)
Class kotlin.text.Regex                                                               : loaded 2 times (x 72B)
Class kotlin.sequences.SequencesKt__SequenceBuilderKt$sequence$$inlined$Sequence$1    : loaded 2 times (x 75B)
Class kotlin.Triple                                                                   : loaded 2 times (x 72B)
Class [Lcom.google.gson.stream.JsonToken;                                             : loaded 2 times (x 69B)
Class org.objectweb.asm.Type                                                          : loaded 2 times (x 72B)
Class org.jetbrains.plugins.gradle.tooling.util.IntObjectMap$1                        : loaded 2 times (x 77B)
Class org.gradle.tooling.model.internal.ImmutableDomainObjectSet                      : loaded 2 times (x 155B)
Class org.gradle.internal.classloader.VisitableURLClassLoader$InstrumentingVisitableURLClassLoader: loaded 2 times (x 123B)
Class com.android.builder.model.v2.ide.AndroidGradlePluginProjectFlags                : loaded 2 times (x 70B)
Class [Lcom.android.builder.model.v2.ide.AndroidGradlePluginProjectFlags$BooleanFlag; : loaded 2 times (x 69B)
Class com.android.builder.model.v2.ide.BasicVariant                                   : loaded 2 times (x 70B)
Class org.objectweb.asm.ByteVector                                                    : loaded 2 times (x 79B)
Class [Lcom.google.common.cache.CacheBuilder$NullListener;                            : loaded 2 times (x 69B)
Class com.google.common.math.IntMath$1                                                : loaded 2 times (x 71B)
Class io.opentelemetry.api.trace.SpanId                                               : loaded 2 times (x 71B)
Class kotlin.comparisons.ComparisonsKt__ComparisonsKt                                 : loaded 2 times (x 71B)
Class kotlin.ranges.RangesKt__RangesKt                                                : loaded 2 times (x 71B)
Class kotlin.collections.SetsKt___SetsKt                                              : loaded 2 times (x 71B)
Class kotlin.sequences.SequencesKt__SequencesKt                                       : loaded 2 times (x 71B)
Class kotlin.coroutines.Continuation                                                  : loaded 2 times (x 70B)
Class org.gradle.internal.classloader.VisitableURLClassLoader$Spec                    : loaded 2 times (x 74B)
Class org.gradle.internal.classpath.DefaultClassPath                                  : loaded 2 times (x 90B)
Class com.android.builder.model.v2.ide.BundleInfo                                     : loaded 2 times (x 70B)
Class com.android.builder.model.v2.ide.SourceProvider                                 : loaded 2 times (x 70B)
Class org.objectweb.asm.Symbol                                                        : loaded 2 times (x 73B)
Class com.google.common.base.AbstractIterator                                         : loaded 2 times (x 80B)
Class org.jetbrains.plugins.gradle.model.GradleBuildScriptClasspathModel              : loaded 2 times (x 70B)
Class kotlin.text.CharsKt__CharJVMKt                                                  : loaded 2 times (x 71B)
Class kotlin.comparisons.ComparisonsKt                                                : loaded 2 times (x 71B)
Class kotlin.comparisons.ComparisonsKt___ComparisonsKt                                : loaded 2 times (x 71B)
Class kotlin.coroutines.jvm.internal.BaseContinuationImpl                             : loaded 2 times (x 87B)
Class kotlin.Result$Companion                                                         : loaded 2 times (x 71B)
Class org.gradle.util.internal.DefaultGradleVersion                                   : loaded 2 times (x 82B)
Class com.google.common.collect.RegularImmutableMap$Values                            : loaded 2 times (x 207B)
Class org.gradle.internal.classloader.ClassLoaderHierarchy                            : loaded 2 times (x 70B)
Class com.google.common.base.CharMatcher$BitSetMatcher                                : loaded 2 times (x 112B)
Class com.google.common.base.CharMatcher$Ascii                                        : loaded 2 times (x 112B)
Class [Lio.opentelemetry.context.ThreadLocalContextStorage;                           : loaded 2 times (x 69B)
Class org.gradle.internal.classloader.ClassLoaderSpec                                 : loaded 2 times (x 71B)
Class org.objectweb.asm.AnnotationWriter                                              : loaded 2 times (x 79B)
Class com.google.common.cache.CacheStats                                              : loaded 2 times (x 71B)
Class kotlin.jvm.internal.FunctionReferenceImpl                                       : loaded 2 times (x 126B)
Class kotlin.collections.CollectionsKt___CollectionsJvmKt                             : loaded 2 times (x 71B)
Class org.objectweb.asm.RecordComponentWriter                                         : loaded 2 times (x 78B)
Class com.google.common.util.concurrent.AbstractFuture$Listener                       : loaded 2 times (x 72B)
Class [Lcom.android.builder.model.v2.ide.ProjectType;                                 : loaded 2 times (x 69B)
Class com.google.common.base.CharMatcher$Or                                           : loaded 2 times (x 112B)
Class Settings_gradle$1$1                                                             : loaded 2 times (x 74B)
Class io.opentelemetry.api.trace.Tracer                                               : loaded 2 times (x 70B)
Class kotlin.TuplesKt                                                                 : loaded 2 times (x 71B)
Class kotlin.jvm.internal.markers.KMutableIterable                                    : loaded 2 times (x 70B)
Class kotlin.Unit                                                                     : loaded 2 times (x 71B)
Class kotlin.sequences.SequencesKt___SequencesJvmKt                                   : loaded 2 times (x 71B)
Class org.gradle.tooling.internal.adapter.ProtocolToModelAdapter$DefaultViewBuilder   : loaded 2 times (x 80B)
Class [Lcom.android.builder.model.v2.ide.AaptOptions$Namespacing;                     : loaded 2 times (x 69B)
Class org.objectweb.asm.Attribute                                                     : loaded 2 times (x 77B)
Class com.google.common.base.Supplier                                                 : loaded 2 times (x 70B)
Class io.opentelemetry.api.trace.ArrayBasedTraceState                                 : loaded 2 times (x 86B)
Class io.opentelemetry.context.ContextKey                                             : loaded 2 times (x 70B)
Class io.opentelemetry.context.propagation.TextMapSetter                              : loaded 2 times (x 70B)
Class kotlin.ranges.RangesKt                                                          : loaded 2 times (x 71B)
Class org.gradle.tooling.internal.adapter.ProtocolToModelAdapter$ViewGraphDetails$1   : loaded 2 times (x 77B)
Class org.gradle.internal.classloader.VisitableURLClassLoader                         : loaded 2 times (x 117B)
Class com.google.common.util.concurrent.AbstractFuture$Waiter                         : loaded 2 times (x 72B)
Class Settings_gradle                                                                 : loaded 2 times (x 128B)
Class org.jetbrains.plugins.gradle.tooling.serialization.ExternalTestsSerializationService$ReadContext: loaded 2 times (x 72B)
Class kotlin.sequences.FlatteningSequence$iterator$1                                  : loaded 2 times (x 79B)
Class kotlin.jvm.functions.Function0                                                  : loaded 2 times (x 70B)
Class kotlin.collections.ArraysUtilJVM                                                : loaded 2 times (x 71B)
Class kotlin.collections.CollectionsKt__ReversedViewsKt                               : loaded 2 times (x 71B)
Class kotlin.sequences.SequencesKt__SequenceBuilderKt                                 : loaded 2 times (x 71B)
Class org.gradle.tooling.model.idea.IdeaDependency                                    : loaded 2 times (x 70B)
Class com.android.builder.model.v2.ide.AaptOptions                                    : loaded 2 times (x 70B)
Class [Lcom.android.builder.model.v2.ide.BytecodeTransformation;                      : loaded 2 times (x 69B)
Class com.google.common.collect.Sets                                                  : loaded 2 times (x 71B)
Class org.objectweb.asm.Handler                                                       : loaded 2 times (x 72B)
Class com.google.common.base.Ticker                                                   : loaded 2 times (x 72B)
Class com.google.common.base.Strings                                                  : loaded 2 times (x 71B)
Class com.google.common.base.CharMatcher$FastMatcher                                  : loaded 2 times (x 111B)
Class kotlin.collections.AbstractMutableList                                          : loaded 2 times (x 206B)
Class kotlin.jvm.functions.Function1                                                  : loaded 2 times (x 70B)
Class org.gradle.internal.agents.InstrumentingClassLoader                             : loaded 2 times (x 70B)
Class com.android.builder.model.v2.models.ndk.NativeModelBuilderParameter             : loaded 2 times (x 70B)
Class [Lcom.google.common.cache.LocalCache$Segment;                                   : loaded 2 times (x 69B)
Class [Lcom.google.common.cache.LocalCache$Strength;                                  : loaded 2 times (x 69B)
Class com.google.common.cache.CacheBuilder$1                                          : loaded 2 times (x 85B)
Class com.google.common.collect.ImmutableMap                                          : loaded 2 times (x 120B)
Class kotlin.io.FilesKt__FileTreeWalkKt                                               : loaded 2 times (x 71B)
Class io.opentelemetry.api.trace.ArrayBasedTraceStateBuilder                          : loaded 2 times (x 77B)
Class org.jetbrains.plugins.gradle.tooling.serialization.internal.IdeaProjectSerializationService$WriteContext: loaded 2 times (x 72B)
Class com.intellij.gradle.toolingExtension.impl.model.sourceSetDependencyModel.GradleSourceSetDependencySerialisationService: loaded 2 times (x 77B)
Class org.jetbrains.plugins.gradle.model.GradleSourceSetModel                         : loaded 2 times (x 70B)
Class kotlin.KotlinNothingValueException                                              : loaded 2 times (x 82B)
Class kotlin.jvm.functions.Function2                                                  : loaded 2 times (x 70B)
Class org.gradle.internal.classpath.DefaultClassPath$ImmutableUniqueList$Builder      : loaded 2 times (x 75B)
Class com.google.gson.stream.JsonToken                                                : loaded 2 times (x 79B)
Class kotlin.jvm.internal.CollectionToArray                                           : loaded 2 times (x 71B)
Class com.google.common.cache.LocalCache                                              : loaded 2 times (x 187B)
Class com.google.common.cache.CacheBuilder$2                                          : loaded 2 times (x 72B)
Class com.google.common.base.CharMatcher$NegatedFastMatcher                           : loaded 2 times (x 113B)
Class io.opentelemetry.api.trace.TracerProvider                                       : loaded 2 times (x 70B)
Class com.android.ide.gradle.model.dependencies.Coordinates                           : loaded 2 times (x 70B)
Class kotlin.collections.MapsKt___MapsJvmKt                                           : loaded 2 times (x 71B)
Class org.gradle.tooling.internal.adapter.WeakIdentityHashMap$AbsentValueProvider     : loaded 2 times (x 70B)
Class [Lcom.google.common.collect.AbstractMapEntry;                                   : loaded 2 times (x 69B)
Class com.google.common.collect.ImmutableEntry                                        : loaded 2 times (x 82B)
Class com.google.common.collect.ArrayListMultimap                                     : loaded 2 times (x 172B)
Class com.google.common.base.AbstractIterator$1                                       : loaded 2 times (x 71B)
Class com.google.common.base.CharMatcher$Digit                                        : loaded 2 times (x 112B)
Class io.opentelemetry.api.trace.AutoValue_ArrayBasedTraceState                       : loaded 2 times (x 87B)
Class gnu.trove.TObjectHash                                                           : loaded 2 times (x 94B)
Class org.jetbrains.plugins.gradle.tooling.util.ObjectCollector$Processor             : loaded 2 times (x 70B)
Class kotlin.jvm.functions.Function4                                                  : loaded 2 times (x 70B)
Class kotlin.collections.EmptySet                                                     : loaded 2 times (x 122B)
Class kotlin.annotation.Target                                                        : loaded 2 times (x 70B)
Class kotlin.collections.CollectionsKt___CollectionsKt                                : loaded 2 times (x 71B)
Class com.intellij.gradle.toolingExtension.impl.model.sourceSetModel.GradleSourceSetSerialisationService$Companion: loaded 2 times (x 71B)
Class org.gradle.internal.exceptions.NonGradleCauseExceptionsHolder                   : loaded 2 times (x 70B)
Class org.gradle.tooling.model.idea.IdeaModuleDependency                              : loaded 2 times (x 70B)
Class org.gradle.tooling.internal.adapter.ViewBuilder                                 : loaded 2 times (x 70B)
Class com.android.builder.model.v2.ide.ApiVersion                                     : loaded 2 times (x 70B)
Class com.google.common.collect.CollectPreconditions                                  : loaded 2 times (x 71B)
Class com.google.common.base.CharMatcher$JavaIsoControl                               : loaded 2 times (x 112B)
Class io.opentelemetry.api.trace.TraceState                                           : loaded 2 times (x 70B)
Class org.jetbrains.plugins.gradle.model.AnnotationProcessingConfig                   : loaded 2 times (x 70B)
Class gnu.trove.Equality                                                              : loaded 2 times (x 70B)
Class kotlin.text.StringsKt___StringsJvmKt                                            : loaded 2 times (x 71B)
Class kotlin.reflect.KDeclarationContainer                                            : loaded 2 times (x 70B)
Class kotlin.annotation.Retention                                                     : loaded 2 times (x 70B)
Class com.android.builder.model.v2.models.Versions$Version                            : loaded 2 times (x 70B)
Class com.google.common.collect.SortedMapDifference                                   : loaded 2 times (x 70B)
Class com.google.common.base.CharMatcher$JavaLowerCase                                : loaded 2 times (x 111B)
Class io.opentelemetry.context.LazyStorage                                            : loaded 2 times (x 71B)
Class org.jetbrains.plugins.gradle.tooling.ModelBuilderService$Parameter              : loaded 2 times (x 70B)
Class kotlin.io.FilesKt                                                               : loaded 2 times (x 71B)
Class kotlin.collections.MapsKt___MapsKt                                              : loaded 2 times (x 71B)
Class kotlin.collections.ArraysKt___ArraysKt                                          : loaded 2 times (x 71B)
Class com.google.common.cache.LocalCache$EntryFactory                                 : loaded 2 times (x 83B)
Class gnu.trove.TObjectHashingStrategy                                                : loaded 2 times (x 70B)
Class kotlin.collections.MapsKt__MapWithDefaultKt                                     : loaded 2 times (x 71B)
Class org.gradle.tooling.internal.adapter.ProtocolToModelAdapter$ReflectionMethodInvoker: loaded 2 times (x 76B)
Class org.jetbrains.kotlin.tooling.core.HasMutableExtras                              : loaded 2 times (x 70B)
Class com.google.common.cache.LocalCache$AbstractReferenceEntry                       : loaded 2 times (x 107B)
Class com.google.common.base.Splitter$1$1                                             : loaded 2 times (x 86B)
Class com.google.common.base.CharMatcher$Whitespace                                   : loaded 2 times (x 112B)
Class kotlin.text.StringsKt___StringsKt                                               : loaded 2 times (x 71B)
Class com.google.common.collect.NullsLastOrdering                                     : loaded 2 times (x 115B)
Class kotlin.collections.CollectionsKt__MutableCollectionsJVMKt                       : loaded 2 times (x 71B)
Class com.google.common.base.CharMatcher$IsEither                                     : loaded 2 times (x 111B)
Class kotlin.enums.EnumEntriesKt                                                      : loaded 2 times (x 71B)
Class com.android.builder.model.v2.models.VariantDependencies                         : loaded 2 times (x 70B)
Class [Lcom.google.common.base.AbstractIterator$State;                                : loaded 2 times (x 69B)
Class org.objectweb.asm.SymbolTable                                                   : loaded 2 times (x 72B)
Class com.google.common.cache.CacheLoader$InvalidCacheLoadException                   : loaded 2 times (x 82B)
Class org.gradle.internal.classloader.FilteringClassLoader                            : loaded 2 times (x 105B)
Class com.google.common.base.CharMatcher$SingleWidth                                  : loaded 2 times (x 112B)
Class io.opentelemetry.context.propagation.NoopTextMapPropagator                      : loaded 2 times (x 76B)
Class com.intellij.gradle.toolingExtension.model.repositoryModel.ProjectRepositoriesModel: loaded 2 times (x 70B)
Class org.jetbrains.plugins.gradle.model.GradleProperty                               : loaded 2 times (x 70B)
Class gnu.trove.TObjectCanonicalHashingStrategy                                       : loaded 2 times (x 78B)
Class org.gradle.internal.classloader.SystemClassLoaderSpec                           : loaded 2 times (x 71B)
Class com.android.builder.model.v2.ide.TestedTargetVariant                            : loaded 2 times (x 70B)
Class com.google.common.cache.LocalCache$StrongEntry                                  : loaded 2 times (x 108B)
Class com.google.common.util.concurrent.AbstractFuture$TrustedFuture                  : loaded 2 times (x 114B)
Class com.google.common.cache.LoadingCache                                            : loaded 2 times (x 70B)
Class kotlin.ranges.IntRange$Companion                                                : loaded 2 times (x 71B)
Class kotlin.collections.EmptyMap                                                     : loaded 2 times (x 108B)
Class kotlin.reflect.KAnnotatedElement                                                : loaded 2 times (x 70B)
Class kotlin.jvm.internal.markers.KMutableCollection                                  : loaded 2 times (x 70B)
Class kotlin.coroutines.intrinsics.IntrinsicsKt                                       : loaded 2 times (x 71B)
Class org.gradle.internal.exceptions.MultiCauseException                              : loaded 2 times (x 70B)
Class org.gradle.internal.time.CountdownTimer                                         : loaded 2 times (x 70B)
Class kotlin.jvm.internal.Intrinsics                                                  : loaded 2 times (x 71B)
Class org.objectweb.asm.MethodWriter                                                  : loaded 2 times (x 106B)
Class [Lcom.google.common.cache.Weigher;                                              : loaded 2 times (x 69B)
Class com.google.common.collect.RegularImmutableMap$BucketOverflowException           : loaded 2 times (x 82B)
Class io.opentelemetry.api.trace.Span                                                 : loaded 2 times (x 70B)
Class com.intellij.gradle.toolingExtension.impl.model.projectModel.GradleExternalProjectSerializationService$ReadContext: loaded 2 times (x 73B)
Class com.intellij.gradle.toolingExtension.impl.model.dependencyModel.DependencyWriteContext: loaded 2 times (x 72B)
Class kotlin.collections.MapsKt                                                       : loaded 2 times (x 71B)
Class kotlin.coroutines.intrinsics.CoroutineSingletons                                : loaded 2 times (x 79B)
Class kotlin.collections.CollectionsKt__IterablesKt                                   : loaded 2 times (x 71B)
Class org.gradle.tooling.model.ProjectModel                                           : loaded 2 times (x 70B)
Class kotlin.ranges.OpenEndRange                                                      : loaded 2 times (x 70B)
Class kotlin.sequences.SequenceBuilderIterator                                        : loaded 2 times (x 85B)
Class kotlin.KotlinNullPointerException                                               : loaded 2 times (x 83B)
Class com.google.common.collect.RegularImmutableBiMap                                 : loaded 2 times (x 148B)
Class com.google.common.cache.LocalCache$ValueReference                               : loaded 2 times (x 70B)
Class com.google.common.base.CharMatcher$Negated                                      : loaded 2 times (x 113B)
Class com.google.common.base.CharMatcher$Is                                           : loaded 2 times (x 111B)
Class io.opentelemetry.api.OpenTelemetry                                              : loaded 2 times (x 70B)
Class org.jetbrains.plugins.gradle.model.tests.ExternalTestsModel                     : loaded 2 times (x 70B)
Class kotlin.ranges.RangesKt___RangesKt                                               : loaded 2 times (x 71B)
Class org.gradle.tooling.model.idea.IdeaLanguageLevel                                 : loaded 2 times (x 70B)
Class org.gradle.tooling.internal.adapter.ProtocolToModelAdapter$SafeMethodInvoker    : loaded 2 times (x 76B)
Class org.gradle.tooling.internal.adapter.WeakIdentityHashMap$WeakKey                 : loaded 2 times (x 79B)
Class org.gradle.internal.exceptions.DefaultMultiCauseException                       : loaded 2 times (x 95B)
Class com.google.common.util.concurrent.AbstractFuture$Failure                        : loaded 2 times (x 72B)
Class com.google.common.base.Equivalence$Equals                                       : loaded 2 times (x 82B)
Class com.google.common.collect.Hashing                                               : loaded 2 times (x 71B)
Class com.google.common.base.PatternCompiler                                          : loaded 2 times (x 70B)
Class kotlin.NotImplementedError                                                      : loaded 2 times (x 82B)
Class io.opentelemetry.api.trace.PropagatedSpan                                       : loaded 2 times (x 112B)
Class com.intellij.gradle.toolingExtension.impl.model.projectModel.GradleExternalProjectSerializationService: loaded 2 times (x 77B)
Class kotlin.text.CharsKt__CharKt                                                     : loaded 2 times (x 71B)
Class kotlin.collections.ArrayDeque$Companion                                         : loaded 2 times (x 71B)
Class kotlin.collections.ArraysKt                                                     : loaded 2 times (x 71B)
Class org.gradle.tooling.model.HierarchicalElement                                    : loaded 2 times (x 70B)
Class com.android.builder.model.v2.dsl.DependenciesInfo                               : loaded 2 times (x 70B)
Class kotlin.sequences.FlatteningSequence                                             : loaded 2 times (x 75B)
Class org.objectweb.asm.Label                                                         : loaded 2 times (x 73B)
Class org.objectweb.asm.CurrentFrame                                                  : loaded 2 times (x 73B)
Class org.objectweb.asm.ClassTooLargeException                                        : loaded 2 times (x 83B)
Class com.google.gson.stream.JsonReader                                               : loaded 2 times (x 97B)
Class kotlin.text.StringsKt__StringsKt                                                : loaded 2 times (x 71B)
Class com.google.common.base.CharMatcher                                              : loaded 2 times (x 111B)
Class io.opentelemetry.api.trace.TraceFlags                                           : loaded 2 times (x 70B)
Class org.jetbrains.plugins.gradle.tooling.serialization.ExternalTestsSerializationService: loaded 2 times (x 77B)
Class com.google.common.collect.ByFunctionOrdering                                    : loaded 2 times (x 115B)
Class kotlin.collections.SetsKt__SetsKt                                               : loaded 2 times (x 71B)
Class kotlin.coroutines.EmptyCoroutineContext                                         : loaded 2 times (x 77B)
Class org.gradle.internal.time.Time                                                   : loaded 2 times (x 71B)
Class com.google.common.collect.RangeGwtSerializationDependencies                     : loaded 2 times (x 71B)
Class com.android.ide.gradle.model.dependencies.DeclaredDependencies                  : loaded 2 times (x 70B)
Class org.objectweb.asm.Frame                                                         : loaded 2 times (x 73B)
Class org.objectweb.asm.MethodVisitor                                                 : loaded 2 times (x 105B)
Class com.google.common.cache.LocalCache$EntryFactory$1                               : loaded 2 times (x 83B)
Class [Lcom.google.common.cache.RemovalListener;                                      : loaded 2 times (x 69B)
Class com.google.common.base.CharMatcher$1                                            : loaded 2 times (x 113B)
Class com.google.common.base.CharMatcher$NamedFastMatcher                             : loaded 2 times (x 112B)
Class org.jetbrains.plugins.gradle.tooling.serialization.AnnotationProcessingModelSerializationService: loaded 2 times (x 77B)
Class kotlin.collections.ArraysKt__ArraysJVMKt                                        : loaded 2 times (x 71B)
Class org.jetbrains.plugins.gradle.tooling.serialization.internal.IdeaProjectSerializationService$ReadContext: loaded 2 times (x 72B)
Class com.google.common.cache.LocalCache$EntryFactory$2                               : loaded 2 times (x 83B)
Class org.jetbrains.plugins.gradle.model.DependencyAccessorsModel                     : loaded 2 times (x 70B)
Class [Lcom.intellij.openapi.externalSystem.model.project.dependencies.ResolutionState;: loaded 2 times (x 69B)
Class gnu.trove.TObjectIntHashMap                                                     : loaded 2 times (x 109B)
Class kotlin.text.StringsKt__StringBuilderKt                                          : loaded 2 times (x 71B)
Class kotlin.jvm.internal.CallableReference$NoReceiver                                : loaded 2 times (x 71B)
Class com.google.common.collect.CollectCollectors                                     : loaded 2 times (x 71B)
Class org.objectweb.asm.ModuleWriter                                                  : loaded 2 times (x 82B)
Class com.google.common.cache.LocalCache$EntryFactory$3                               : loaded 2 times (x 83B)
Class com.google.common.base.Ticker$1                                                 : loaded 2 times (x 72B)
Class com.google.common.collect.ImmutableMapEntrySet$RegularEntrySet                  : loaded 2 times (x 151B)
Class com.google.common.collect.Maps$BiMapConverter                                   : loaded 2 times (x 90B)
Class org.jetbrains.kotlin.idea.gradleTooling.KotlinMPPGradleModel                    : loaded 2 times (x 70B)
Class io.opentelemetry.context.propagation.ContextPropagators                         : loaded 2 times (x 70B)
Class com.intellij.gradle.toolingExtension.impl.model.dependencyDownloadPolicyModel.GradleDependencyDownloadPolicy: loaded 2 times (x 70B)
Class org.gradle.tooling.model.BuildIdentifier                                        : loaded 2 times (x 70B)
Class kotlin.NoWhenBranchMatchedException                                             : loaded 2 times (x 82B)
Class com.android.builder.model.v2.ide.VectorDrawablesOptions                         : loaded 2 times (x 70B)
Class com.google.common.cache.LocalCache$EntryFactory$4                               : loaded 2 times (x 83B)
Class com.google.common.collect.ImmutableSet$Builder                                  : loaded 2 times (x 85B)
Class com.google.common.base.CharMatcher$InRange                                      : loaded 2 times (x 111B)
Class org.jetbrains.kotlin.idea.gradleTooling.PrepareKotlinIdeImportTaskModel         : loaded 2 times (x 70B)
Class com.google.common.cache.LocalCache$EntryFactory$5                               : loaded 2 times (x 83B)
Class com.android.ide.gradle.model.GradlePluginModel                                  : loaded 2 times (x 70B)
Class com.google.common.collect.ReverseOrdering                                       : loaded 2 times (x 115B)
Class org.gradle.tooling.model.build.JavaEnvironment                                  : loaded 2 times (x 70B)
Class com.android.builder.model.v2.ide.SourceSetContainer                             : loaded 2 times (x 70B)
Class com.google.common.cache.LocalCache$EntryFactory$6                               : loaded 2 times (x 83B)
Class ijInit1_bp6l258tubfmlkbdl7xu8q2tz                                               : loaded 2 times (x 179B)
Class org.gradle.internal.time.Timer                                                  : loaded 2 times (x 70B)
Class kotlin.jvm.internal.markers.KMappedMarker                                       : loaded 2 times (x 70B)
Class org.gradle.internal.installation.CurrentGradleInstallationLocator               : loaded 2 times (x 71B)
Class com.android.builder.model.v2.ide.LintOptions                                    : loaded 2 times (x 70B)
Class com.google.common.cache.LocalCache$EntryFactory$7                               : loaded 2 times (x 83B)
Class com.google.common.collect.ImmutableSet$EmptySetBuilderImpl                      : loaded 2 times (x 76B)
Class com.google.common.collect.RegularImmutableMap$KeySet                            : loaded 2 times (x 150B)
Class org.gradle.tooling.internal.adapter.ProtocolToModelAdapter$ViewGraphDetails     : loaded 2 times (x 72B)
Class org.gradle.tooling.model.idea.IdeaProject                                       : loaded 2 times (x 70B)
Class org.gradle.tooling.model.DomainObjectSet                                        : loaded 2 times (x 70B)
Class org.gradle.internal.service.DefaultServiceLocator                               : loaded 2 times (x 83B)
Class com.android.builder.model.v2.ide.BasicArtifact                                  : loaded 2 times (x 70B)
Class com.google.common.cache.LocalCache$EntryFactory$8                               : loaded 2 times (x 83B)
Class com.google.common.base.Equivalence$Identity                                     : loaded 2 times (x 82B)
Class io.opentelemetry.api.trace.SpanContextKey                                       : loaded 2 times (x 71B)
Class kotlin.coroutines.jvm.internal.SuspendFunction                                  : loaded 2 times (x 70B)
Class org.gradle.util.GradleVersion                                                   : loaded 2 times (x 81B)
Class org.gradle.internal.installation.CurrentGradleInstallation                      : loaded 2 times (x 73B)
Class com.google.common.cache.CacheLoader$1                                           : loaded 2 times (x 75B)
Class com.google.common.collect.ForwardingObject                                      : loaded 2 times (x 72B)
Class com.google.common.base.PairwiseEquivalence                                      : loaded 2 times (x 83B)
Class org.jetbrains.plugins.gradle.javaModel.JavaGradleManifestModel                  : loaded 2 times (x 70B)
Class org.jetbrains.plugins.gradle.tooling.serialization.GradleExtensionsSerializationService$WriteContext: loaded 2 times (x 72B)
Class com.intellij.gradle.toolingExtension.impl.model.taskModel.GradleTaskSerialisationService$Companion: loaded 2 times (x 71B)
Class kotlin.jvm.internal.StringCompanionObject                                       : loaded 2 times (x 71B)
Class kotlin.coroutines.intrinsics.IntrinsicsKt__IntrinsicsJvmKt                      : loaded 2 times (x 71B)
Class kotlin.coroutines.jvm.internal.CoroutineStackFrame                              : loaded 2 times (x 70B)
Class org.gradle.tooling.internal.adapter.ProtocolToModelAdapter$MethodInvocationCache$MethodInvocationKey: loaded 2 times (x 73B)
Class org.gradle.util.internal.GUtil                                                  : loaded 2 times (x 71B)
Class com.google.common.util.concurrent.AbstractFuture$SetFuture                      : loaded 2 times (x 75B)
Class com.google.common.cache.AbstractCache$StatsCounter                              : loaded 2 times (x 70B)
Class io.opentelemetry.api.trace.TraceId                                              : loaded 2 times (x 71B)
Class com.intellij.gradle.toolingExtension.impl.model.utilTurnOffDefaultTasksModel.TurnOffDefaultTasks: loaded 2 times (x 70B)
Class com.intellij.gradle.toolingExtension.impl.model.sourceSetModel.GradleSourceSetSerialisationService$SourceSetModelReadContext: loaded 2 times (x 72B)
Class kotlin.io.NoSuchFileException                                                   : loaded 2 times (x 82B)
Class kotlin.collections.CollectionsKt                                                : loaded 2 times (x 71B)
Class com.android.builder.model.v2.dsl.BuildType                                      : loaded 2 times (x 70B)
Class io.opentelemetry.context.ContextStorage                                         : loaded 2 times (x 70B)
Class com.android.builder.model.v2.ide.ViewBindingOptions                             : loaded 2 times (x 70B)
Class io.opentelemetry.api.internal.ImmutableSpanContext                              : loaded 2 times (x 91B)
Class com.intellij.gradle.toolingExtension.impl.model.sourceSetModel.GradleSourceSetSerialisationService$SourceSetModelWriteContext: loaded 2 times (x 72B)
Class kotlin.ranges.IntProgressionIterator                                            : loaded 2 times (x 82B)
Class kotlin.coroutines.CoroutineContext                                              : loaded 2 times (x 70B)
Class kotlin.coroutines.jvm.internal.DebugProbesKt                                    : loaded 2 times (x 71B)
Class org.gradle.tooling.internal.adapter.WeakIdentityHashMap                         : loaded 2 times (x 76B)
Class org.gradle.tooling.GradleConnectionException                                    : loaded 2 times (x 83B)
Class org.gradle.tooling.internal.adapter.ProtocolToModelAdapter$1                    : loaded 2 times (x 75B)
Class org.gradle.tooling.internal.adapter.ProtocolToModelAdapter$ViewDecoration       : loaded 2 times (x 70B)
Class org.gradle.internal.installation.GradleInstallation                             : loaded 2 times (x 75B)
Class com.google.common.collect.Iterables                                             : loaded 2 times (x 71B)
Class com.google.common.base.Splitter$Strategy                                        : loaded 2 times (x 70B)
Class io.opentelemetry.api.trace.DefaultTracer                                        : loaded 2 times (x 74B)
Class org.jetbrains.plugins.gradle.tooling.serialization.GradleExtensionsSerializationService$ReadContext: loaded 2 times (x 72B)
Class com.google.common.collect.LexicographicalOrdering                               : loaded 2 times (x 115B)
Class org.gradle.tooling.internal.adapter.MethodInvoker                               : loaded 2 times (x 70B)
Class com.google.common.collect.Lists$RandomAccessReverseList                         : loaded 2 times (x 200B)
Class org.jetbrains.plugins.gradle.tooling.serialization.RepositoriesModelSerializationService$WriteContext: loaded 2 times (x 72B)
Class com.android.ide.gradle.model.LegacyAndroidGradlePluginProperties                : loaded 2 times (x 70B)
Class kotlin.ranges.IntProgression                                                    : loaded 2 times (x 81B)
Class kotlin.jvm.KotlinReflectionNotSupportedError                                    : loaded 2 times (x 82B)
Class org.gradle.tooling.model.gradle.GradleScript                                    : loaded 2 times (x 70B)

---------------  S Y S T E M  ---------------

OS:
 Windows 11 , 64 bit Build 26100 (10.0.26100.8521)
OS uptime: 0 days 7:36 hours
Hyper-V role detected

CPU: total 12 (initial active 12) (6 cores per cpu, 2 threads per core) family 6 model 154 stepping 3 microcode 0x423, cx8, cmov, fxsr, ht, mmx, 3dnowpref, sse, sse2, sse3, ssse3, sse4.1, sse4.2, popcnt, lzcnt, tsc, tscinvbit, avx, avx2, aes, erms, clmul, bmi1, bmi2, adx, sha, fma, vzeroupper, clflush, clflushopt, clwb, hv, serialize, rdtscp, rdpid, fsrm, f16c, cet_ibt, cet_ss
Processor Information for processor 0
  Max Mhz: 2000, Current Mhz: 2000, Mhz Limit: 2000
Processor Information for processor 1
  Max Mhz: 2000, Current Mhz: 2000, Mhz Limit: 2000
Processor Information for processor 2
  Max Mhz: 2000, Current Mhz: 2000, Mhz Limit: 2000
Processor Information for processor 3
  Max Mhz: 2000, Current Mhz: 2000, Mhz Limit: 2000
Processor Information for processor 4
  Max Mhz: 2000, Current Mhz: 2000, Mhz Limit: 2000
Processor Information for processor 5
  Max Mhz: 2000, Current Mhz: 2000, Mhz Limit: 2000
Processor Information for processor 6
  Max Mhz: 2000, Current Mhz: 2000, Mhz Limit: 2000
Processor Information for processor 7
  Max Mhz: 2000, Current Mhz: 2000, Mhz Limit: 2000
Processor Information for processor 8
  Max Mhz: 2000, Current Mhz: 1500, Mhz Limit: 1500
Processor Information for processor 9
  Max Mhz: 2000, Current Mhz: 1500, Mhz Limit: 1500
Processor Information for processor 10
  Max Mhz: 2000, Current Mhz: 1500, Mhz Limit: 1500
Processor Information for processor 11
  Max Mhz: 2000, Current Mhz: 1500, Mhz Limit: 1500

Memory: 4k page, system-wide physical 7896M (89M free)
TotalPageFile size 22396M (AvailPageFile size 7M)
current process WorkingSet (physical memory assigned to process): 122M, peak: 377M
current process commit charge ("private bytes"): 610M, peak: 612M

vm_info: OpenJDK 64-Bit Server VM (21.0.10+-14961533-b1163.108) for windows-amd64 JRE (21.0.10+-14961533-b1163.108), built on 2026-03-02T19:58:50Z by "builder" with MS VC++ 16.10 / 16.11 (VS2019)

END.
